,error,Pitch,WindSpeed,Pitch action,reward
0,-0.7898637805101414,,,0.95561504,-0.6238847917617728
1,,15.549999999999999,,0.95634985,-0.6118250012834557
2,,,18.0,0.95718837,-0.6388554870134882
3,-0.7821924323869771,,,0.9584377,-0.7433850362554466
4,,15.779453933238992,,0.9597907,-0.8755596820769274
5,,,18.0,0.96082664,-0.9483823751035654
6,-0.7992843592949184,,,0.96148145,-0.9439884087294519
7,,15.970827021598815,,0.9620571,-0.9321332367686365
8,,,18.0,0.9628904,-0.9790824572714071
9,-0.8621977941606245,,,0.96450007,-1.0806829256942438
10,,16.162422320842712,,0.9659953,-1.1708049787037758
11,,,18.0,0.9670613,-1.1917462445493874
12,-0.9357134615238403,,,0.967793,-1.160053682061946
13,,16.354287970066046,,0.96854305,-1.141684831320894
14,,,18.0,0.96952987,-1.1742320551776884
15,-0.973849256868621,,,0.9706235,-1.2306856388044245
16,,16.546387109756505,,0.9715409,-1.2522722333381913
17,,,18.0,0.9721706,-1.2157420805536823
18,-0.9715906590377719,,,0.9726598,-1.1562986327740765
19,,16.738641417026514,,0.9732263,-1.1207185291152102
20,,,18.0,0.97393274,-1.1187010330087297
21,-0.9654704743122062,,,0.9746554,-1.1208053196848664
22,,16.931010820865616,,0.97524095,-1.0921946161991352
23,,,18.0,0.97565746,-1.0279789616904758
24,-0.9894859560758844,,,0.9760022,-0.9537199088889244
25,,17.12352190494537,,0.9763893,-0.894279239353536
26,,,18.0,0.97655463,-0.8490626566325569
27,-1.0395590053932695,,,0.97662413,-0.7973302084488371
28,,17.3163100194931,,0.9766753,-0.723989044202859
29,,,18.0,0.9767096,-0.6361637048106239
30,-1.0820374201957046,,,0.97674143,-0.552729423415685
31,,17.50940942287447,,0.9767816,-0.484122575989138
32,,,18.0,0.9768286,-0.4258867529725084
33,-1.09167130792624,,,0.9768723,-0.36756997857777784
34,,17.702753691673266,,0.97690535,-0.30473093402454354
35,,,18.0,0.9769298,-0.2420922446551216
36,-1.0770578824102008,,,0.97695327,-0.18648386351079985
37,,17.896263456344588,,0.976979,-0.13924738853857765
38,,,18.0,0.9770026,-0.09777523229891955
39,-1.0684965284552375,,,0.9770191,-0.06073806395270314
40,,18.08991677284242,,0.977026,-0.0300657925575952
41,,,18.0,0.977028,-0.00948609171521782
42,-1.0836198850047412,,,0.9770322,-0.0005389985362210143
43,,18.28375035285951,,0.9770398,-0.0023602676077087016
44,,,18.0,0.97704613,-0.01482822039769425
45,-1.109362717421324,,,0.97704625,-0.0398520666485962
46,,18.477799153327943,,0.9770411,-0.07905733156597554
47,,,18.0,0.9770354,-0.13155724077922215
48,-1.119049701013405,,,0.9770329,-0.19514133904851416
49,,18.672047288417787,,0.9535674,-0.2695588141618916
50,,,18.0,0.8829887,-0.35707065408820166
51,-1.1026069474448645,,,0.71480155,-0.45879667327109613
52,,18.866440937519062,,0.60958695,-0.5705186928011682
53,,,18.0,0.5566666,-0.6858414282543126
54,-1.0753132719231528,,,0.5021236,-0.8040904456706872
55,,19.060938866138457,,0.44298768,-0.9303075248895515
56,,,18.0,0.37768924,-1.0660402786679815
57,-1.0586399430945397,,,0.34049547,-1.2008339190094963
58,,19.25554226636886,,0.32726038,-1.325006624472022
59,,,18.0,0.31442928,-1.4523301437955496
60,-1.0576866421623796,,,0.3036816,-1.6054901833252624
61,,19.45027793884277,,0.2977575,-1.7919554431562787
62,,,18.0,0.30942154,-1.9924500725117178
63,-1.0586809338440295,,,0.3209188,-2.1710470358552327
64,,19.64515954494474,,0.33006382,-2.313951929497013
65,,,18.0,0.3384571,-2.4516211020016527
66,-1.0450811529250421,,,0.348117,-2.622020261335166
67,,19.840169413089754,,0.35885298,-2.8185986651464376
68,,,18.0,0.36859095,-2.9966093298551324
69,-1.013892973489054,,,0.37648356,-3.139299225934849
70,,20.035273702144615,,0.38380504,-3.276058081234363
71,,,18.0,0.39171243,-3.431431838385518
72,-0.976585843072141,,,0.39992476,-3.5969828944564535
73,,20.230450031757346,,0.40791452,-3.761007722649573
74,,,18.0,0.4157622,-3.926320056539598
75,-0.9456633858585919,,,0.4236083,-4.09590132729934
76,,20.425699725151055,,0.43128335,-4.264366994897381
77,,,18.0,0.43856108,-4.425114433104212
78,-0.9214459596919164,,,0.44533002,-4.574095009109232
79,,20.621005036830905,,0.45152092,-4.7086822715363965
80,,,18.0,0.4573034,-4.834120290386692
81,-0.8929334848961803,,,0.4631219,-4.964394472646245
82,,20.816325170993807,,0.46923542,-5.106258240336
83,,,18.0,0.4752196,-5.244222091533732
84,-0.8508754575158806,,,0.48047018,-5.358993433613574
85,,21.011656918525695,,0.48519504,-5.459913197907309
86,,,18.0,0.49020886,-5.574591988638617
87,-0.7975987116405241,,,0.4957615,-5.7091997757345165
88,,21.20699660778046,,0.5013586,-5.84558401664402
89,,,18.0,0.5065514,-5.968808108608934
90,-0.7434577482383817,,,0.5113764,-6.08088392676795
91,,21.402342598438292,,0.5160055,-6.187629406543729
92,,,18.0,0.5206089,-6.295736230999313
93,-0.6957891749582901,,,0.5254202,-6.4142696140483295
94,,21.5976959562302,,0.5304885,-6.544087919536909
95,,,18.0,0.5354099,-6.66786339796951
96,-0.6525999946157741,,,0.53980803,-6.771883610994141
97,,21.79305836200715,,0.54404783,-6.87371275541014
98,,,18.0,0.5487871,-6.999598611892252
99,-0.606275497259932,,,0.5539217,-7.141933449677263
100,,21.988429903984084,,0.5587077,-7.268674224044943
101,,,18.0,0.5629257,-7.373400997899901
102,-0.5520243962222535,,,0.56712353,-7.4815294182792575
103,,22.18380882740022,,0.5716914,-7.608238057989252
104,,,18.0,0.57637155,-7.740250506635779
105,-0.4920287030805435,,,0.5808542,-7.8647241041903655
106,,22.37919315814972,,0.5852468,-7.988005621066265
107,,,18.0,0.58975494,-8.119500442527997
108,-0.4318377745297415,,,0.5944202,-8.26101458470049
109,,22.57458209991455,,0.599241,-8.413040852788917
110,,,18.0,0.6042061,-8.575078614313757
111,-0.3731586640272173,,,0.60918546,-8.740094258892919
112,,22.769976089000725,,0.6140059,-8.899372512228215
113,,,18.0,0.6186793,-9.054388575008367
114,-0.31269031372736755,,,0.62332106,-9.21089811490888
115,,22.965375053882582,,0.62788033,-9.364894793014985
116,,,18.0,0.6321949,-9.507107981030611
117,-0.24645093619766012,,,0.6362605,-9.63806545271391
118,,23.16077785253525,,0.64026,-9.768544994719957
119,,,18.0,0.64432836,-9.905701819972613
120,-0.17339490349371633,,,0.6484183,-10.046028003613236
121,,23.35618265151976,,0.65245295,-10.185386730241573
122,,,18.0,0.65646195,-10.326223110206437
123,-0.09739656931954954,,,0.66054344,-10.475074933359608
124,,23.551588113307954,,0.6647757,-10.636956954783184
125,,,18.0,0.6691377,-10.810272959788065
126,-0.023216342007754243,,,0.67349696,-10.9859653240727
127,,23.74699419975281,,0.67765284,-11.149996843435458
128,,,18.0,0.6814989,-11.295862144392919
129,0.048582585436642844,,,0.6851735,-11.433867808408845
130,,23.942401623725903,,0.6888547,-11.575690460650268
131,,,18.0,0.6925304,-11.71903263949386
132,0.12177118048903957,,,0.6960738,-11.854705467840834
133,,24.137810456752756,,0.69949055,-11.984227595983004
134,,,18.0,0.7029321,-12.119448032372924
135,0.19962982404589802,,,0.70650744,-12.268023600514532
136,,24.333219807148,,0.71015346,-12.42431317304449
137,,,18.0,0.713747,-12.579003420992827
138,0.28117135623312617,,,0.7172444,-12.729117817441907
139,,24.528628418445575,,0.7206775,-12.877588926615635
140,,,18.0,0.7241459,-13.033196606167426
141,0.3627082033525326,,,0.7276741,-13.196544222349404
142,,24.724035906791677,,0.73107755,-13.350563549924452
143,,,18.0,0.7342206,-13.4847484991218
144,0.4417480492865975,,,0.73721766,-13.610335953148581
145,,24.919442636966703,,0.7402644,-13.74455293408219
146,,,18.0,0.74344337,-13.89388691026112
147,0.5191905374348531,,,0.7466564,-14.048357038259855
148,,25.112540893554694,,0.74978757,-14.198093726735667
149,,,18.0,0.7528734,-14.347828870714011
150,0.5975538922040435,,,0.7560184,-14.50757013814922
151,,25.294951620101937,,0.75922215,-14.676268549698511
152,,,18.0,0.7623718,-14.842244719484958
153,0.6773453131683249,,,0.76540923,-15.000876001195708
154,,25.451727404594415,,0.76845145,-15.165440131766994
155,,,18.0,0.7715496,-15.338920298550061
156,0.7553268781138192,,,0.7745131,-15.49962459458213
157,,25.578266880512253,,0.77726936,-15.642133178369832
158,,,18.0,0.78001106,-15.789152449925997
159,0.8281554372545727,,,0.7829313,-15.961529362316693
160,,25.6933274626732,,0.78599155,-16.15270698045068
161,,,18.0,0.78899527,-16.34050654019797
162,0.8967109041774206,,,0.7919047,-16.52247109077826
163,,25.797611608505253,,0.7947972,-16.707786524001136
164,,,18.0,0.79766595,-16.894142623210673
165,0.964524507148238,,,0.80043244,-17.071462102102284
166,,25.89043980598451,,0.80307865,-17.238193648839452
167,,,18.0,0.8056841,-17.405273412147594
168,1.032492265669812,,,0.8083143,-17.579957024116013
169,,25.970621285438543,,0.81087637,-17.747613752686547
170,,,18.0,0.8132175,-17.887373865111634
171,1.0958256791157508,,,0.81536436,-18.005677801463314
172,,26.04015480279926,,0.8175653,-18.13882553353042
173,,,18.0,0.82001996,-18.31385440792158
174,1.1510893208053066,,,0.822665,-18.518865039206663
175,,26.106504588127123,,0.82522964,-18.713863479890858
176,,,18.0,0.82759786,-18.88460219327806
177,1.2051266090314119,,,0.8299012,-19.05276896055651
178,,26.170309314727774,,0.8309474,-19.235982903819863
179,,,18.0,0.8319447,-19.421457897312614
180,1.2670793910901015,,,0.8327596,-19.588284369446647
181,,26.231703987121584,,0.8334229,-19.74232920326023
182,,,18.0,0.8341321,-19.90355859760698
183,1.3386393999715827,,,0.83489895,-20.070510089964348
184,,26.291437218189248,,0.8355216,-20.22080738650424
185,,,18.0,0.8359088,-20.347597807728608
186,1.411541736014815,,,0.83629537,-20.478532621987252
187,,26.3523644900322,,0.8369554,-20.641126416395863
188,,,18.0,0.837834,-20.826247120216244
189,1.4734473305331388,,,0.83868444,-21.00754616449275
190,,26.41577913284301,,0.8394067,-21.175825868584358
191,,,18.0,0.8400489,-21.336828125292154
192,1.5211679491420442,,,0.8406416,-21.493026775032
193,,26.48117925167085,,0.84116244,-21.641593864683276
194,,,18.0,0.84160984,-21.78278682953792
195,1.5657653406566556,,,0.8420317,-21.922314671410483
196,,26.548275465965258,,0.8424711,-22.0647118487871
197,,,18.0,0.8429179,-22.208150552661575
198,1.6192653461786817,,,0.84333706,-22.348819511023933
199,,26.617197806835158,,0.8437388,-22.488413424244605
200,,,18.0,0.8441608,-22.631603722818355
201,1.678868269146343,,,0.8446617,-22.785530127111507
202,,26.68821578502655,,0.8452691,-22.95295614343702
203,,,18.0,0.8464017,-23.127833638804233
204,1.7310717286857678,,,0.8477826,-23.299152566069722
205,,26.76128034591673,,0.8491591,-23.47003564658582
206,,,18.0,0.8504627,-23.63173931124057
207,1.7718067687913512,,,0.85150874,-23.760467001455705
208,,26.83604503393172,,0.8522537,-23.853024187896978
209,,,18.0,0.8529136,-23.939060127780643
210,1.809988420193445,,,0.8537226,-24.046050425141598
211,,26.91228937149045,,0.8546088,-24.16127793811985
212,,,18.0,0.85539293,-24.26292894459512
213,1.852412437440841,,,0.85611224,-24.35845121445687
214,,26.990068712234468,,0.85689354,-24.463822718701312
215,,,18.0,0.8577074,-24.572663811328034
216,1.8965713523240968,,,0.8584343,-24.66964155938265
217,,27.069479968547807,,0.8591006,-24.760624329078965
218,,,18.0,0.8598447,-24.86450189956611
219,1.9393317721961791,,,0.86070013,-24.98344317407285
220,,27.15050747156141,,0.8615074,-25.093436469139164
221,,,18.0,0.8620684,-25.168046654295804
222,1.9814943998254444,,,0.8623916,-25.2115314126589
223,,27.233110799789387,,0.8626628,-25.250333683942483
224,,,18.0,0.86298776,-25.29696016423499
225,2.023833324979935,,,0.8633213,-25.343744589030123
226,,27.317283771038007,,0.86360216,-25.383224788820154
227,,,18.0,0.86389077,-25.42527914001915
228,2.065034381044873,,,0.8642547,-25.47844423138713
229,,27.403007805347407,,0.86465,-25.53485713017502
230,,,18.0,0.8649788,-25.58096196189636
231,2.103595596378784,,,0.86522377,-25.61546625831008
232,,27.490217204093884,,0.8654337,-25.645868491098323
233,,,18.0,0.86565256,-25.677843123157967
234,2.1387134004137236,,,0.86585,-25.70529698316612
235,,27.578817758560163,,0.8659004,-25.709767784823132
236,,,18.0,0.8657739,-25.689620819411694
237,2.1699498315713193,,,0.86559534,-25.663958820626483
238,,27.668696427345235,,0.86546206,-25.64529773450943
239,,,18.0,0.86534,-25.626992848846108
240,2.1986632962749644,,,0.86516476,-25.601124367036043
241,,27.759755437374093,,0.86500025,-25.578271104527722
242,,,18.0,0.864913,-25.56653688957483
243,2.2280921149374064,,,0.8648398,-25.555443437780696
244,,27.85196850538249,,0.8647163,-25.537067019667344
245,,,18.0,0.8645928,-25.51998351670617
246,2.259703131018763,,,0.8645365,-25.512815033342047
247,,27.94538477897639,,0.86450946,-25.50849167687342
248,,,18.0,0.8643935,-25.489800620161468
249,2.29002665738496,,,0.86414826,-25.453506328148908
250,,28.04001737356183,,0.86389947,-25.41907245179817
251,,,18.0,0.86376405,-25.401437677330566
252,2.314949985121401,,,0.8636999,-25.39214177790257
253,,28.13575589895244,,0.8635771,-25.373452089985175
254,,,18.0,0.86341333,-25.350688447392972
255,2.336645715102593,,,0.8633491,-25.343573938119196
256,,28.232465622425046,,0.86339784,-25.351106196961506
257,,,18.0,0.86342216,-25.35337734413052
258,2.36105738783254,,,0.86336267,-25.344148690690847
259,,28.330147535800897,,0.86330175,-25.33634114009556
260,,,18.0,0.86332035,-25.34008672565392
261,2.3893931814865708,,,0.86338437,-25.349201488740373
262,,28.42890602111814,,0.8634101,-25.35171024870228
263,,,18.0,0.8633511,-25.342367731143916
264,2.4177642599401663,,,0.86326885,-25.331218602781725
265,,28.528790001869165,,0.8632691,-25.33297987456728
266,,,18.0,0.8633888,-25.351387104567337
267,2.443114428062864,,,0.86357,-25.377446896903738
268,,28.6297433924675,,0.8637452,-25.402083866548907
269,,,18.0,0.8638966,-25.423480415375327
270,2.4659448344940627,,,0.8640413,-25.444281818674888
271,,28.731684672832507,,0.8641975,-25.466797154594474
272,,,18.0,0.86435485,-25.489159880557487
273,2.487494604324546,,,0.864478,-25.506064070363564
274,,28.834563601017003,,0.86453915,-25.513982294921348
275,,,18.0,0.8645537,-25.515742020323593
276,2.5091305727281936,,,0.86456513,-25.517529373497158
277,,28.93836172103881,,0.86458063,-25.519681090145408
278,,,18.0,0.86458516,-25.520130095233558
279,2.53264083794926,,,0.8645915,-25.521437141981156
280,,29.043104517459824,,0.8646412,-25.529460266558843
281,,,18.0,0.86475515,-25.546764419589813
282,2.5581414971687764,,,0.86491466,-25.5700900341252
283,,29.148845617771112,,0.8650768,-25.593249354368805
284,,,18.0,0.8652066,-25.611384555181672
285,2.5822206330926702,,,0.8652892,-25.622652201931967
286,,29.25558947563173,,0.865329,-25.62790497902511
287,,,18.0,0.86533284,-25.627895492530268
288,2.6022843063343677,,,0.86529136,-25.621101644276816
289,,29.36325034856793,,0.8651861,-25.604798324647824
290,,,18.0,0.8650155,-25.57950324603278
291,2.6217766410222936,,,0.86483335,-25.553623368535444
292,,29.47175949573516,,0.86470366,-25.535952098204312
293,,,18.0,0.8646407,-25.527648546955863
294,2.6456754547548442,,,0.86461425,-25.52413217237486
295,,29.58117582559581,,0.86461115,-25.524213593184516
296,,,18.0,0.8646591,-25.532015429846574
297,2.672439606366674,,,0.86476445,-25.54779243189205
298,,29.691600451469427,,0.86488485,-25.564892898325372
299,,,18.0,0.8649678,-25.576093487247523
300,2.6960478897907105,,,0.86499715,-25.579672064158
301,,29.80301636219022,,0.86499333,-25.578886504549086
302,,,18.0,0.86497283,-25.575492397117497
303,2.7154007066913532,,,0.8649056,-25.564874958276107
304,,29.91531142473216,,0.86477816,-25.545844094617216
305,,,18.0,0.8646331,-25.525233340144236
306,2.735238457297509,,,0.8645346,-25.512104725877307
307,,30.028437819480878,,0.8645177,-25.510898874483694
308,,,18.0,0.86457896,-25.520642223688554
309,2.758303474599786,,,0.86468935,-25.53697289103182
310,,30.142451593875904,,0.8648186,-25.555711310851226
311,,,18.0,0.86495066,-25.574744336744214
312,2.782130569659839,,,0.8650774,-25.592930682620587
313,,30.257400078773486,,0.8651937,-25.609618811287252
314,,,18.0,0.8653003,-25.6248717346384
315,2.8044115432993006,,,0.8653729,-25.634363046868135
316,,30.37326012372967,,0.8653414,-25.6278225930773
317,,,18.0,0.86519074,-25.604864965199322
318,2.8263060027297584,,,0.86500454,-25.578245865597832
319,,30.490001385211936,,0.8648701,-25.559830857507666
320,,,18.0,0.86479306,-25.549220034613572
321,2.849473713254431,,,0.8647394,-25.541780050274806
322,,30.60763442993165,,0.8647146,-25.538872268141787
323,,,18.0,0.86474824,-25.544664547359467
324,2.874198076803422,,,0.8648362,-25.55783012873621
325,,30.726189730167384,,0.8649385,-25.57253883028259
326,,,18.0,0.8650352,-25.586485421740324
327,2.9005242375799787,,,0.8651383,-25.601567257354976
328,,30.845698065757684,,0.8652351,-25.615007384699457
329,,,18.0,0.86526334,-25.617776602484554
330,2.928323515992343,,,0.8652148,-25.61004910582953
331,,30.966190252304045,,0.86514366,-25.59978306553994
332,,,18.0,0.8650758,-25.589937048922675
333,2.956365041548983,,,0.86499643,-25.57812384932165
334,,31.087680056095067,,0.8648957,-25.563413254902322
335,,,18.0,0.8648015,-25.55029887973726
336,2.9831816089920196,,,0.86475515,-25.54445690355692
337,,31.210146718025154,,0.86475515,-25.544777258775675
338,,,18.0,0.86475635,-25.54464255457074
339,3.0090511087398246,,,0.86473477,-25.54135814864921
340,,31.333556551933206,,0.8647189,-25.53942542969924
341,,,18.0,0.86472535,-25.54052063953883
342,3.0349461469536623,,,0.86470747,-25.53683295702741
343,,31.457896044254287,,0.86459637,-25.519571719731736
344,,,18.0,0.8644433,-25.49783480550268
345,3.0602115601727577,,,0.8643353,-25.483151866064794
346,,31.58315549373624,,0.86426425,-25.472975170575502
347,,,18.0,0.8641701,-25.458863360361022
348,3.0833598526656942,,,0.86404395,-25.440724796931736
349,,31.70929671525953,,0.8639426,-25.427037513496927
350,,,18.0,0.863904,-25.4223071820352
351,3.1045233857572905,,,0.86389637,-25.42122669628728
352,,31.836266648769357,,0.863873,-25.417543242537516
353,,,18.0,0.86383545,-25.412196885286466
354,3.1254671642364054,,,0.86380875,-25.40856881289514
355,,31.96403818368907,,0.8637836,-25.404767593511185
356,,,18.0,0.863729,-25.39637268084721
357,3.1473324927583697,,,0.86364734,-25.38474297994923
358,,32.09261793136589,,0.86358666,-25.37662134455326
359,,,18.0,0.863559,-25.372941715817706
360,3.169546971353041,,,0.8635385,-25.370004025376193
361,,32.222015833854655,,0.8635249,-25.368475501520187
362,,,18.0,0.8635614,-25.3746637935637
363,3.1914552684068083,,,0.8636668,-25.39049777572638
364,,32.352224881649036,,0.86380506,-25.410295928322558
365,,,18.0,0.86393344,-25.428372653629044
366,3.213444119664513,,,0.86404634,-25.444414635994843
367,,32.4832362627983,,0.86415505,-25.459907093300714
368,,,18.0,0.86424494,-25.472269880648735
369,3.2365220427736325,,,0.86429167,-25.478383835164614
370,,32.615057449340775,,0.86432123,-25.48285928517689
371,,,18.0,0.8643782,-25.49144930152107
372,3.2614348000202584,,,0.86444855,-25.501446484873487
373,,32.74771399021146,,0.8645005,-25.50860885065554
374,,,18.0,0.8645476,-25.51570858875834
375,3.287897954588625,,,0.8646426,-25.53044240376472
376,,32.88123513221736,,0.8648181,-25.556801567396423
377,,,18.0,0.8650453,-25.589934568583395
378,3.314508308040983,,,0.8652761,-25.62316359719993
379,,33.01563075542451,,0.86549056,-25.653973001301445
380,,,18.0,0.86567605,-25.680332336964348
381,3.3391610987545146,,,0.8658097,-25.698870202737538
382,,33.150874867439285,,0.86588264,-25.70871941148551
383,,,18.0,0.8659165,-25.71338188009151
384,3.3609317375384045,,,0.86594045,-25.716751675341232
385,,33.28690937519072,,0.8659458,-25.717069807685103
386,,,18.0,0.8659146,-25.712006156069897
387,3.3814002733200406,,,0.86586535,-25.704934808617917
388,,33.42368767976764,,0.8658397,-25.70179483504617
389,,,18.0,0.8658569,-25.70487785194385
390,3.402306638245628,,,0.8659078,-25.712689118518874
391,,33.56120028495782,,0.86598015,-25.723374488802044
392,,,18.0,0.8660486,-25.7330709401518
393,3.423307266298756,,,0.866084,-25.737526471342964
394,,33.6994502186775,,0.8660599,-25.73298449999129
395,,,18.0,0.86596215,-25.71772230643893
396,3.443066288621355,,,0.8658105,-25.695116164252944
397,,33.838419361114475,,0.86563444,-25.66913168382275
398,,,18.0,0.8654119,-25.635760541741895
399,3.4618243161638063,,,0.8651109,-25.591264341898654
400,,33.97807913064952,,0.8647895,-25.545402302310322
401,,,18.0,0.86454546,-25.511829438349757
402,3.4812997619241184,,,0.8644018,-25.492273352147944
403,,34.11842305421828,,0.864303,-25.478296569191965
404,,,18.0,0.86421716,-25.466288019607777
405,3.5025738536845346,,,0.8641679,-25.460008361371752
406,,34.25947235584255,,0.8641751,-25.46170179179715
407,,,18.0,0.86420655,-25.46615987148334
408,3.5248139203430995,,,0.86421955,-25.46763800873784
409,,34.401247887611355,,0.86421204,-25.46639603721011
410,,,18.0,0.8641882,-25.462555491555467
411,3.5466890787032384,,,0.8641181,-25.451565379409562
412,,34.54374708414078,,0.863986,-25.432078492175396
413,,,18.0,0.86384916,-25.413113539557774
414,3.5677889255730793,,,0.8637779,-25.404008494337848
415,,34.68695240736003,,0.86376286,-25.402211095564905
416,,,18.0,0.8637525,-25.400668211115505
417,3.58853576359713,,,0.8637568,-25.401968252705608
418,,34.830847959518415,,0.86383295,-25.414068155560003
419,,,18.0,0.86397815,-25.435303487854767
420,3.610151881315719,,,0.8641201,-25.45509305408461
421,,34.97543301105501,,0.8642193,-25.468858425521873
422,,,18.0,0.86430407,-25.481037539741813
423,3.6327048080389637,,,0.8643949,-25.49410865151908
424,,35.12072088479993,,0.864468,-25.50392865192246
425,,,18.0,0.86447835,-25.504493973424523
426,3.653842299542285,,,0.8644476,-25.500034887035888
427,,35.2667016768455,,0.86444044,-25.499589385860087
428,,,18.0,0.86446047,-25.50246276402897
429,3.6721585612718033,,,0.86446524,-25.502849542353893
430,,35.41332920551295,,0.86446905,-25.503895805086444
431,,,18.0,0.8645294,-25.51354625236872
432,3.6892188811655755,,,0.8646399,-25.529664372274276
433,,35.56056342840192,,0.864732,-25.542253566108876
434,,,18.0,0.86477745,-25.548314027375504
435,3.707364688573568,,,0.8648089,-25.55289156320917
436,,35.70840133428569,,0.86483514,-25.556330249628687
437,,,18.0,0.86482704,-25.554584835502943
438,3.727450457116918,,,0.8647783,-25.547001213664725
439,,35.856865839958175,,0.8647021,-25.535846329093395
440,,,18.0,0.8646209,-25.524129922353968
441,3.7481137973999474,,,0.8645315,-25.5110537093084
442,,36.00597292900081,,0.8644345,-25.497231003794653
443,,,18.0,0.8643694,-25.488744264567554
444,3.768035791594298,,,0.86437285,-25.49018362978194
445,,36.155712623596116,,0.8644185,-25.496877545840512
446,,,18.0,0.8644508,-25.501058434798534
447,3.7878528047845275,,,0.86445475,-25.5013814252809
448,,36.30607102632518,,0.86445,-25.500656038845328
449,,,18.0,0.8644371,-25.49852072445898
450,3.8088804310649107,,,0.86440086,-25.493065843728406
451,,36.4570533061027,,0.86436343,-25.487850325023427
452,,,18.0,0.8643298,-25.482852986659385
453,3.8309618308850992,,,0.8642676,-25.47331863312526
454,,36.60867335796353,,0.8641727,-25.459589876255766
455,,,18.0,0.86410236,-25.450443423998202
456,3.852563395907322,,,0.86411643,-25.453793981961024
457,,36.76092888355252,,0.8642057,-25.467253569078263
458,,,18.0,0.86432195,-25.48409137239548
459,3.873096435824405,,,0.86445093,-25.502869841530877
460,,36.913799259662596,,0.86459875,-25.52433544293789
461,,,18.0,0.864743,-25.5447239205617
462,3.8942830061215368,,,0.8648497,-25.55949016898301
463,,37.0672753405571,,0.86492264,-25.56981246672731
464,,,18.0,0.8650007,-25.581462871863312
465,3.916493367612163,,,0.86510086,-25.595958495735974
466,,37.221368665695174,,0.8651738,-25.605681780163877
467,,,18.0,0.86518705,-25.60691762366242
468,3.936956260181478,,,0.8651812,-25.60632619313891
469,,37.3760671854019,,0.865216,-25.61221990006118
470,,,18.0,0.8653083,-25.62630166461336
471,3.955013676129304,,,0.8654356,-25.64504366054178
472,,37.53133012533181,,0.8655727,-25.664944442606657
473,,,18.0,0.86570525,-25.683999495436833
474,3.9735566498951536,,,0.86580706,-25.69810423108431
475,,37.68713876008988,,0.86584353,-25.702308518316425
476,,,18.0,0.8658135,-25.697298526663456
477,3.99518827620385,,,0.8657652,-25.690334818481155
478,,37.84351748943329,,0.8657218,-25.683818189570776
479,,,18.0,0.86562634,-25.668521809174983
480,4.019043042871111,,,,
481,,38.00050119876856,,,
482,,,18.0,,
483,4.042339241107551,,,,
484,,38.15809168577195,,,
485,,,18.0,,
486,4.064784261283526,,,,
487,,38.31626976251601,,,
488,,,18.0,,
489,4.087515935626568,,,,
490,,38.47502665758129,,,
491,,,18.0,,
492,4.110248486796227,,,,
493,,38.63435997009272,,,
494,,,18.0,,
495,4.131762590239459,,,,
496,,38.794254703521716,,,
497,,,18.0,,
498,4.1518903705227395,,,,
499,,38.95468657732004,,,
500,,,18.0,,
501,4.171962776936965,,,,
502,,39.115640807151756,,,
503,,,18.0,,
504,4.192845933744288,,,,
505,,39.277119462490084,,,
506,,,18.0,,
507,4.212791681615238,,,,
508,,39.439117712974536,,,
509,,,18.0,,
510,4.229346742123615,,,,
511,,39.60160119295116,,,
512,,,18.0,,
513,4.243309769680186,,,,
514,,39.7645250082016,,,
515,,,18.0,,
516,4.2589700085267586,,,,
517,,39.927881157398176,,,
518,,,18.0,,
519,4.279468939941214,,,,
520,,40.09170931577679,,,
521,,,18.0,,
522,4.303355090996636,,,,
523,,40.256056332588194,,,
524,,,18.0,,
525,4.325952320575304,,,,
526,,40.420925610065424,,,
527,,,18.0,,
528,4.345641747001018,,,,
529,,40.586281640529634,,,
530,,,18.0,,
531,4.364947761492285,,,,
532,,40.752100148200945,,,
533,,,18.0,,
534,4.385884506438794,,,,
535,,40.91821866989134,,,
536,,,18.0,,
537,4.4069783182258355,,,,
538,,41.0845392489433,,,
539,,,18.0,,
540,4.425865380854534,,,,
541,,41.25103750705713,,,
542,,,18.0,,
543,4.443234092781994,,,,
544,,41.417676222324346,,,
545,,,18.0,,
546,4.461340448520711,,,,
547,,41.584451432228036,,,
548,,,18.0,,
549,4.480012286809529,,,,
550,,41.75137796640397,,,
551,,,18.0,,
552,4.4967552064243215,,,,
553,,41.9184423780441,,,
554,,,18.0,,
555,4.510831165952524,,,,
556,,42.085599429607385,,,
557,,,18.0,,
558,4.525321272792381,,,,
559,,42.25282877206797,,,
560,,,18.0,,
561,4.543250644240956,,,,
562,,42.42016907215118,,,
563,,,18.0,,
564,4.563578324102288,,,,
565,,42.58767325639723,,,
566,,,18.0,,
567,4.5833989750503665,,,,
568,,42.755352320671044,,,
569,,,18.0,,
570,4.601719881586053,,,,
571,,42.92318475961677,,,
572,,,18.0,,
573,4.619180460351398,,,,
574,,43.0911503362655,,,
575,,,18.0,,
576,4.636057244581003,,,,
577,,43.25923796892161,,,
578,,,18.0,,
579,4.65205265067833,,,,
580,,43.42743521690361,,,
581,,,18.0,,
582,4.667203319927033,,,,
583,,43.59572666406629,,,
584,,,18.0,,
585,4.682127152418063,,,,
586,,43.7641033697128,,,
587,,,18.0,,
588,4.69730900077769,,,,
589,,43.93256649970999,,,
590,,,18.0,,
591,4.712552445613903,,,,
592,,44.10111905574792,,,
593,,,18.0,,
594,4.727453808449527,,,,
595,,44.26975754499429,,,
596,,,18.0,,
597,4.742195000655773,,,,
598,,44.438477230072046,,,
599,,,18.0,,
600,4.757268514895744,,,,
601,,44.60727916002269,,,
602,,,18.0,,
603,4.7734191233445555,,,,
604,,44.77617484092711,,,
605,,,18.0,,
606,4.790924351671295,,,,
607,,44.945184805393176,,,
608,,,18.0,,
609,4.80914063412625,,,,
610,,45.0,,,
611,,,18.0,,
612,4.826919573192589,,,,
613,,45.0,,,
614,,,18.0,,
615,4.844588284527987,,,,
616,,45.0,,,
617,,,18.0,,
618,4.861248739906298,,,,
619,,45.0,,,
620,,,18.0,,
621,4.874470945800755,,,,
622,,45.0,,,
623,,,18.0,,
624,4.883955792991679,,,,
625,,45.0,,,
626,,,18.0,,
627,4.892755882708705,,,,
628,,45.0,,,
629,,,18.0,,
630,4.903677235008601,,,,
631,,45.0,,,
632,,,18.0,,
633,4.915412285670435,,,,
634,,45.0,,,
635,,,18.0,,
636,4.925741461404072,,,,
637,,45.0,,,
638,,,18.0,,
639,4.935428169313871,,,,
640,,45.0,,,
641,,,18.0,,
642,4.946091660968417,,,,
643,,45.0,,,
644,,,18.0,,
645,4.957082187267832,,,,
646,,45.0,,,
647,,,18.0,,
648,4.966854292143333,,,,
649,,45.0,,,
650,,,18.0,,
651,4.976004856215372,,,,
652,,45.0,,,
653,,,18.0,,
654,4.986431780298023,,,,
655,,45.0,,,
656,,,18.0,,
657,4.998344043187989,,,,
658,,45.0,,,
659,,,18.0,,
660,5.009334932816847,,,,
661,,45.0,,,
662,,,18.0,,
663,5.0167765202663555,,,,
664,,45.0,,,
665,,,18.0,,
666,5.0211085840338985,,,,
667,,45.0,,,
668,,,18.0,,
669,5.024971013244005,,,,
670,,45.0,,,
671,,,18.0,,
672,5.029608350978731,,,,
673,,45.0,,,
674,,,18.0,,
675,5.034257103985664,,,,
676,,45.0,,,
677,,,18.0,,
678,5.038176732590884,,,,
679,,45.0,,,
680,,,18.0,,
681,5.04234857383136,,,,
682,,45.0,,,
683,,,18.0,,
684,5.047617678805233,,,,
685,,45.0,,,
686,,,18.0,,
687,5.053202660706873,,,,
688,,45.0,,,
689,,,18.0,,
690,5.057762545028815,,,,
691,,45.0,,,
692,,,18.0,,
693,5.06117241934219,,,,
694,,45.0,,,
695,,,18.0,,
696,5.064175005970698,,,,
697,,45.0,,,
698,,,18.0,,
699,5.067330966411999,,,,
700,,45.0,,,
701,,,18.0,,
702,5.070039150062465,,,,
703,,45.0,,,
704,,,18.0,,
705,5.070480034949663,,,,
706,,45.0,,,
707,,,18.0,,
708,5.068492953473616,,,,
709,,45.0,,,
710,,,18.0,,
711,5.065960799357461,,,,
712,,45.0,,,
713,,,18.0,,
714,5.064118653281085,,,,
715,,45.0,,,
716,,,18.0,,
717,5.062311018580951,,,,
718,,45.0,,,
719,,,18.0,,
720,5.059755366323163,,,,
721,,45.0,,,
722,,,18.0,,
723,5.057496525409357,,,,
724,,45.0,,,
725,,,18.0,,
726,5.056336310964178,,,,
727,,45.0,,,
728,,,18.0,,
729,5.055239206781485,,,,
730,,45.0,,,
731,,,18.0,,
732,5.053421318242458,,,,
733,,45.0,,,
734,,,18.0,,
735,5.051730744676142,,,,
736,,45.0,,,
737,,,18.0,,
738,5.051021187180078,,,,
739,,45.0,,,
740,,,18.0,,
741,5.050593200493722,,,,
742,,45.0,,,
743,,,18.0,,
744,5.048742479089369,,,,
745,,45.0,,,
746,,,18.0,,
747,5.045146809375215,,,,
748,,45.0,,,
749,,,18.0,,
750,5.041733080181672,,,,
751,,45.0,,,
752,,,18.0,,
753,5.039983896534846,,,,
754,,45.0,,,
755,,,18.0,,
756,5.039061596954593,,,,
757,,45.0,,,
758,,,18.0,,
759,5.037206774590971,,,,
760,,45.0,,,
761,,,18.0,,
762,5.03494671743336,,,,
763,,45.0,,,
764,,,18.0,,
765,5.034240154990542,,,,
766,,45.0,,,
767,,,18.0,,
768,5.0349882022663675,,,,
769,,45.0,,,
770,,,18.0,,
771,5.03521373370888,,,,
772,,45.0,,,
773,,,18.0,,
774,5.034297239008723,,,,
775,,45.0,,,
776,,,18.0,,
777,5.033521743282288,,,,
778,,45.0,,,
779,,,18.0,,
780,5.033893793640656,,,,
781,,45.0,,,
782,,,18.0,,
783,5.034799051475677,,,,
784,,45.0,,,
785,,,18.0,,
786,5.035048187326739,,,,
787,,45.0,,,
788,,,18.0,,
789,5.034120353263708,,,,
790,,45.0,,,
791,,,18.0,,
792,5.033012875284716,,,,
793,,45.0,,,
794,,,18.0,,
795,5.033187844156751,,,,
796,,45.0,,,
797,,,18.0,,
798,5.035016097746594,,,,
799,,45.0,,,
800,,,18.0,,
801,5.0376032889563405,,,,
802,,45.0,,,
803,,,18.0,,
804,5.040048002405226,,,,
805,,45.0,,,
806,,,18.0,,
807,5.042170208885786,,,,
808,,45.0,,,
809,,,18.0,,
810,5.044232530194746,,,,
811,,45.0,,,
812,,,18.0,,
813,5.046463826739916,,,,
814,,45.0,,,
815,,,18.0,,
816,5.048679023324565,,,,
817,,45.0,,,
818,,,18.0,,
819,5.050352865925664,,,,
820,,45.0,,,
821,,,18.0,,
822,5.051136732946491,,,,
823,,45.0,,,
824,,,18.0,,
825,5.051310920971267,,,,
826,,45.0,,,
827,,,18.0,,
828,5.051487837607565,,,,
829,,45.0,,,
830,,,18.0,,
831,5.0517008116223,,,,
832,,45.0,,,
833,,,18.0,,
834,5.051745252408672,,,,
835,,45.0,,,
836,,,18.0,,
837,5.0518746166132384,,,,
838,,45.0,,,
839,,,18.0,,
840,5.052668628216068,,,,
841,,45.0,,,
842,,,18.0,,
843,5.054380715734601,,,,
844,,45.0,,,
845,,,18.0,,
846,5.056687654396423,,,,
847,,45.0,,,
848,,,18.0,,
849,5.058977105539103,,,,
850,,45.0,,,
851,,,18.0,,
852,5.060769166360156,,,,
853,,45.0,,,
854,,,18.0,,
855,5.061882278553302,,,,
856,,45.0,,,
857,,,18.0,,
858,5.0624011080736295,,,,
859,,45.0,,,
860,,,18.0,,
861,5.062400171117478,,,,
862,,45.0,,,
863,,,18.0,,
864,5.06172911605084,,,,
865,,45.0,,,
866,,,18.0,,
867,5.060118410140994,,,,
868,,45.0,,,
869,,,18.0,,
870,5.057618337323683,,,,
871,,45.0,,,
872,,,18.0,,
873,5.055059185463158,,,,
874,,45.0,,,
875,,,18.0,,
876,5.053311003510897,,,,
877,,45.0,,,
878,,,18.0,,
879,5.052489341597453,,,,
880,,45.0,,,
881,,,18.0,,
882,5.052141345249048,,,,
883,,45.0,,,
884,,,18.0,,
885,5.05214940329208,,,,
886,,45.0,,,
887,,,18.0,,
888,5.052921474735836,,,,
889,,45.0,,,
890,,,18.0,,
891,5.054482409890458,,,,
892,,45.0,,,
893,,,18.0,,
894,5.056173740915691,,,,
895,,45.0,,,
896,,,18.0,,
897,5.057281234739425,,,,
898,,45.0,,,
899,,,18.0,,
900,5.0576350267845545,,,,
901,,45.0,,,
902,,,18.0,,
903,5.05755736542346,,,,
904,,45.0,,,
905,,,18.0,,
906,5.057221806201256,,,,
907,,45.0,,,
908,,,18.0,,
909,5.056171966841724,,,,
910,,45.0,,,
911,,,18.0,,
912,5.054289672606549,,,,
913,,45.0,,,
914,,,18.0,,
915,5.052250324374698,,,,
916,,45.0,,,
917,,,18.0,,
918,5.050950873437328,,,,
919,,45.0,,,
920,,,18.0,,
921,5.050831503275841,,,,
922,,45.0,,,
923,,,18.0,,
924,5.051795940424411,,,,
925,,45.0,,,
926,,,18.0,,
927,5.053412004876687,,,,
928,,45.0,,,
929,,,18.0,,
930,5.055265701310983,,,,
931,,45.0,,,
932,,,18.0,,
933,5.057147846043678,,,,
934,,45.0,,,
935,,,18.0,,
936,5.058945609770932,,,,
937,,45.0,,,
938,,,18.0,,
939,5.060594709249818,,,,
940,,45.0,,,
941,,,18.0,,
942,5.062101513663905,,,,
943,,45.0,,,
944,,,18.0,,
945,5.063038914216257,,,,
946,,45.0,,,
947,,,18.0,,
948,5.062392971024405,,,,
949,,45.0,,,
950,,,18.0,,
951,5.060124995017349,,,,
952,,45.0,,,
953,,,18.0,,
954,5.057494030208818,,,,
955,,45.0,,,
956,,,18.0,,
957,5.055673135944181,,,,
958,,45.0,,,
959,,,18.0,,
960,5.054623629372772,,,,
961,,45.0,,,
962,,,18.0,,
963,5.053887617495546,,,,
964,,45.0,,,
965,,,18.0,,
966,5.053599931547984,,,,
967,,45.0,,,
968,,,18.0,,
969,5.054172983521584,,,,
970,,45.0,,,
971,,,18.0,,
972,5.0554752623997885,,,,
973,,45.0,,,
974,,,18.0,,
975,5.056929783008915,,,,
976,,45.0,,,
977,,,18.0,,
978,5.05830855343368,,,,
979,,45.0,,,
980,,,18.0,,
981,5.059799132115323,,,,
982,,45.0,,,
983,,,18.0,,
984,5.061127086400761,,,,
985,,45.0,,,
986,,,18.0,,
987,5.061400656190394,,,,
988,,45.0,,,
989,,,18.0,,
990,5.0606372232980235,,,,
991,,45.0,,,
992,,,18.0,,
993,5.059622818505342,,,,
994,,45.0,,,
995,,,18.0,,
996,5.058649725857946,,,,
997,,45.0,,,
998,,,18.0,,
999,5.057481967275973,,,,
1000,,45.0,,,
1001,,,18.0,,
1002,5.056027418329762,,,,
1003,,45.0,,,
1004,,,18.0,,
1005,5.054730346886692,,,,
1006,,45.0,,,
1007,,,18.0,,
1008,5.0541524416618975,,,,
1009,,45.0,,,
1010,,,18.0,,
1011,5.054184133841551,,,,
1012,,45.0,,,
1013,,,18.0,,
1014,5.054170807815139,,,,
1015,,45.0,,,
1016,,,18.0,,
1017,5.05384587701774,,,,
1018,,45.0,,,
1019,,,18.0,,
1020,5.053654660708351,,,,
1021,,45.0,,,
1022,,,18.0,,
1023,5.053763017746165,,,,
1024,,45.0,,,
1025,,,18.0,,
1026,5.053398159360433,,,,
1027,,45.0,,,
1028,,,18.0,,
1029,5.0516899865027085,,,,
1030,,45.0,,,
1031,,,18.0,,
1032,5.049538078428826,,,,
1033,,45.0,,,
1034,,,18.0,,
1035,5.048083979696138,,,,
1036,,45.0,,,
1037,,,18.0,,
1038,5.047075902993287,,,,
1039,,45.0,,,
1040,,,18.0,,
1041,5.0456776908915835,,,,
1042,,45.0,,,
1043,,,18.0,,
1044,5.0438799348251475,,,,
1045,,45.0,,,
1046,,,18.0,,
1047,5.0425229313803746,,,,
1048,,45.0,,,
1049,,,18.0,,
1050,5.042053865443645,,,,
1051,,45.0,,,
1052,,,18.0,,
1053,5.041946716922669,,,,
1054,,45.0,,,
1055,,,18.0,,
1056,5.041581422781697,,,,
1057,,45.0,,,
1058,,,18.0,,
1059,5.041051168683618,,,,
1060,,45.0,,,
1061,,,18.0,,
1062,5.0406913030749205,,,,
1063,,45.0,,,
1064,,,18.0,,
1065,5.040314235591982,,,,
1066,,45.0,,,
1067,,,18.0,,
1068,5.039481390068547,,,,
1069,,45.0,,,
1070,,,18.0,,
1071,5.038327399043181,,,,
1072,,45.0,,,
1073,,,18.0,,
1074,5.0375213492900714,,,,
1075,,45.0,,,
1076,,,18.0,,
1077,5.037156113901743,,,,
1078,,45.0,,,
1079,,,18.0,,
1080,5.036864503376698,,,,
1081,,45.0,,,
1082,,,18.0,,
1083,5.036712767422834,,,,
1084,,45.0,,,
1085,,,18.0,,
1086,5.037327048501387,,,,
1087,,45.0,,,
1088,,,18.0,,
1089,5.03889846848757,,,,
1090,,45.0,,,
1091,,,18.0,,
1092,5.040862617481512,,,,
1093,,45.0,,,
1094,,,18.0,,
1095,5.042655317749672,,,,
1096,,45.0,,,
1097,,,18.0,,
1098,5.044245695442961,,,,
1099,,45.0,,,
1100,,,18.0,,
1101,5.045781118251238,,,,
1102,,45.0,,,
1103,,,18.0,,
1104,5.047006031366392,,,,
1105,,45.0,,,
1106,,,18.0,,
1107,5.047611696155382,,,,
1108,,45.0,,,
1109,,,18.0,,
1110,5.04805500021314,,,,
1111,,45.0,,,
1112,,,18.0,,
1113,5.0489057528855765,,,,
1114,,45.0,,,
1115,,,18.0,,
1116,5.049895690494358,,,,
1117,,45.0,,,
1118,,,18.0,,
1119,5.050604800482368,,,,
1120,,45.0,,,
1121,,,18.0,,
1122,5.051307611773247,,,,
1123,,45.0,,,
1124,,,18.0,,
1125,5.05276581722968,,,,
1126,,45.0,,,
1127,,,18.0,,
1128,5.055373533913832,,,,
1129,,45.0,,,
1130,,,18.0,,
1131,5.058649480699705,,,,
1132,,45.0,,,
1133,,,18.0,,
1134,5.061932792639579,,,,
1135,,45.0,,,
1136,,,18.0,,
1137,5.064975123463238,,,,
1138,,45.0,,,
1139,,,18.0,,
1140,5.067576574356262,,,,
1141,,45.0,,,
1142,,,18.0,,
1143,5.069405310560356,,,,
1144,,45.0,,,
1145,,,18.0,,
1146,5.070376653808424,,,,
1147,,45.0,,,
1148,,,18.0,,
1149,5.070836408334577,,,,
1150,,45.0,,,
1151,,,18.0,,
1152,5.071168669581128,,,,
1153,,45.0,,,
1154,,,18.0,,
1155,5.071200036252278,,,,
1156,,45.0,,,
1157,,,18.0,,
1158,5.070700755918248,,,,
1159,,45.0,,,
1160,,,18.0,,
1161,5.070003432801394,,,,
1162,,45.0,,,
1163,,,18.0,,
1164,5.06969376146589,,,,
1165,,45.0,,,
1166,,,18.0,,
1167,5.0699978157730845,,,,
1168,,45.0,,,
1169,,,18.0,,
1170,5.070768099461745,,,,
1171,,45.0,,,
1172,,,18.0,,
1173,5.071821614449984,,,,
1174,,45.0,,,
1175,,,18.0,,
1176,5.072777438460296,,,,
1177,,45.0,,,
1178,,,18.0,,
1179,5.073216580370186,,,,
1180,,45.0,,,
1181,,,18.0,,
1182,5.072768918449892,,,,
1183,,45.0,,,
1184,,,18.0,,
1185,5.071264369606354,,,,
1186,,45.0,,,
1187,,,18.0,,
1188,5.069035032849245,,,,
1189,,45.0,,,
1190,,,18.0,,
1191,5.06647132468178,,,,
1192,,45.0,,,
1193,,,18.0,,
1194,5.063176921829011,,,,
1195,,45.0,,,
1196,,,18.0,,
1197,5.0587809145977705,,,,
1198,,45.0,,,
1199,,,18.0,,
1200,5.054245967729541,,,,
1201,,45.0,,,
1202,,,18.0,,
1203,5.0509236223041185,,,,
1204,,45.0,,,
1205,,,18.0,,
1206,5.048987359079833,,,,
1207,,45.0,,,
1208,,,18.0,,
1209,5.047603051864515,,,,
1210,,45.0,,,
1211,,,18.0,,
1212,5.046413381760137,,,,
1213,,45.0,,,
1214,,,18.0,,
1215,5.045791153166345,,,,
1216,,45.0,,,
1217,,,18.0,,
1218,5.045958956610443,,,,
1219,,45.0,,,
1220,,,18.0,,
1221,5.046400684793404,,,,
1222,,45.0,,,
1223,,,18.0,,
1224,5.046547137274935,,,,
1225,,45.0,,,
1226,,,18.0,,
1227,5.046424084161983,,,,
1228,,45.0,,,
1229,,,18.0,,
1230,5.046043548321345,,,,
1231,,45.0,,,
1232,,,18.0,,
1233,5.044954447704118,,,,
1234,,45.0,,,
1235,,,18.0,,
1236,5.04302275348579,,,,
1237,,45.0,,,
1238,,,18.0,,
1239,5.041142086824946,,,,
1240,,45.0,,,
1241,,,18.0,,
1242,5.040238932266788,,,,
1243,,45.0,,,
1244,,,18.0,,
1245,5.040060624195398,,,,
1246,,45.0,,,
1247,,,18.0,,
1248,5.039907559778801,,,,
1249,,45.0,,,
1250,,,18.0,,
1251,5.040036532874103,,,,
1252,,45.0,,,
1253,,,18.0,,
1254,5.04123676844879,,,,
1255,,45.0,,,
1256,,,18.0,,
1257,5.043342491627429,,,,
1258,,45.0,,,
1259,,,18.0,,
1260,5.045304059626596,,,,
1261,,45.0,,,
1262,,,18.0,,
1263,5.046668051845878,,,,
1264,,45.0,,,
1265,,,18.0,,
1266,5.047874556656674,,,,
1267,,45.0,,,
1268,,,18.0,,
1269,5.049169105062642,,,,
1270,,45.0,,,
1271,,,18.0,,
1272,5.050141448704428,,,,
1273,,45.0,,,
1274,,,18.0,,
1275,5.050197419252491,,,,
1276,,45.0,,,
1277,,,18.0,,
1278,5.049755923511144,,,,
1279,,45.0,,,
1280,,,18.0,,
1281,5.0497118121591935,,,,
1282,,45.0,,,
1283,,,18.0,,
1284,5.049996313268849,,,,
1285,,45.0,,,
1286,,,18.0,,
1287,5.050034608035265,,,,
1288,,45.0,,,
1289,,,18.0,,
1290,5.0501381966324885,,,,
1291,,45.0,,,
1292,,,18.0,,
1293,5.05109356994787,,,,
1294,,45.0,,,
1295,,,18.0,,
1296,5.0526888259890175,,,,
1297,,45.0,,,
1298,,,18.0,,
1299,5.053934463970509,,,,
1300,,45.0,,,
1301,,,18.0,,
1302,5.05453400694619,,,,
1303,,45.0,,,
1304,,,18.0,,
1305,5.054986801487138,,,,
1306,,45.0,,,
1307,,,18.0,,
1308,5.05532691817539,,,,
1309,,45.0,,,
1310,,,18.0,,
1311,5.055154284045438,,,,
1312,,45.0,,,
1313,,,18.0,,
1314,5.0544041403180975,,,,
1315,,45.0,,,
1316,,,18.0,,
1317,5.053300538172393,,,,
1318,,45.0,,,
1319,,,18.0,,
1320,5.05214112256912,,,,
1321,,45.0,,,
1322,,,18.0,,
1323,5.050846830909486,,,,
1324,,45.0,,,
1325,,,18.0,,
1326,5.049478290258772,,,,
1327,,45.0,,,
1328,,,18.0,,
1329,5.048637862291923,,,,
1330,,45.0,,,
1331,,,18.0,,
1332,5.048780410136882,,,,
1333,,45.0,,,
1334,,,18.0,,
1335,5.049443290684678,,,,
1336,,45.0,,,
1337,,,18.0,,
1338,5.049857268755082,,,,
1339,,45.0,,,
1340,,,18.0,,
1341,5.049889248813374,,,,
1342,,45.0,,,
1343,,,18.0,,
1344,5.0498174262883335,,,,
1345,,45.0,,,
1346,,,18.0,,
1347,5.049605996952533,,,,
1348,,45.0,,,
1349,,,18.0,,
1350,5.049065838719912,,,,
1351,,45.0,,,
1352,,,18.0,,
1353,5.0485493287699414,,,,
1354,,45.0,,,
1355,,,18.0,,
1356,5.04805437635723,,,,
1357,,45.0,,,
1358,,,18.0,,
1359,5.0471099287736205,,,,
1360,,45.0,,,
1361,,,18.0,,
1362,5.045749684264546,,,,
1363,,45.0,,,
1364,,,18.0,,
1365,5.044843250686606,,,,
1366,,45.0,,,
1367,,,18.0,,
1368,5.045175317267084,,,,
1369,,45.0,,,
1370,,,18.0,,
1371,5.046509047755514,,,,
1372,,45.0,,,
1373,,,18.0,,
1374,5.048177034573518,,,,
1375,,45.0,,,
1376,,,18.0,,
1377,5.050036617840595,,,,
1378,,45.0,,,
1379,,,18.0,,
1380,5.052161462477015,,,,
1381,,45.0,,,
1382,,,18.0,,
1383,5.054178857199426,,,,
1384,,45.0,,,
1385,,,18.0,,
1386,5.055639442146068,,,,
1387,,45.0,,,
1388,,,18.0,,
1389,5.0566602087472035,,,,
1390,,45.0,,,
1391,,,18.0,,
1392,5.05781206371523,,,,
1393,,45.0,,,
1394,,,18.0,,
1395,5.059244854297524,,,,
1396,,45.0,,,
1397,,,18.0,,
1398,5.060205705321067,,,,
1399,,45.0,,,
1400,,,18.0,,
1401,5.060327817806117,,,,
1402,,45.0,,,
1403,,,18.0,,
1404,5.060269379503319,,,,
1405,,45.0,,,
1406,,,18.0,,
1407,5.060851697102097,,,,
1408,,45.0,,,
1409,,,18.0,,
1410,5.0622427504628185,,,,
1411,,45.0,,,
1412,,,18.0,,
1413,5.0640935675145045,,,,
1414,,45.0,,,
1415,,,18.0,,
1416,5.066058077302969,,,,
1417,,45.0,,,
1418,,,18.0,,
1419,5.067938387099515,,,,
1420,,45.0,,,
1421,,,18.0,,
1422,5.069329761525118,,,,
1423,,45.0,,,
1424,,,18.0,,
1425,5.069744423372486,,,,
1426,,45.0,,,
1427,,,18.0,,
1428,5.0692502923670535,,,,
1429,,45.0,,,
1430,,,18.0,,
1431,5.068563388030296,,,,
1432,,45.0,,,
1433,,,18.0,,
1434,5.067920499531418,,,,
1435,,45.0,,,
1436,,,18.0,,
1437,5.06641113700566,,,,
1438,,45.0,,,
1439,,,18.0,,
