,time,Pitch_increment,Cp,Lambda_i,Lambda,Tem,Tm,Ia,Ea,w,pitch,dpitch,pitch_ref,Vx,actions.pitch,obs.error_wg,obs.pitch,obs.Vx,obs.pitch_ref,reward
0,0.20000000000000004,0.0,0.2252840020348785,9.962646427096571,10.28958310333315,186.3481885334586,199.74458800266808,30.28161091829794,250.55432351757457,40.715118286724156,0.0,0.0,0.0,12.408919745816151,0.0,-0.7151182867241559,0.0,12.408919745816151,0.0,-0.5084353974076943
1,0.4000000000000002,0.0,0.21808480660040977,10.016285852205538,10.346588024808883,187.3904436505949,192.29619959535026,30.45097754419922,251.94240983692194,40.940682539182355,0.0,0.0,0.0,12.408919745816151,0.0,-0.9406825391823546,0.0,12.408919745816151,0.0,-0.8760396139395141
2,0.6000000000000003,0.0,0.21579515004149658,10.03321193940423,10.364580031030608,187.7194028688166,189.94699097366401,30.504433470616167,252.3805203903173,41.011875575302135,0.0,0.0,0.0,12.408919745816151,0.0,-1.0118755753021347,0.0,12.408919745816151,0.0,-1.0122115401949445
3,0.8000000000000005,0.0,0.21507044271471235,10.038556176717554,10.37026121259661,187.82327529452385,189.20537986205508,30.521312756672884,252.51885880400758,41.034355590006825,0.0,0.0,0.0,12.408919745816151,0.0,-1.0343555900068253,0.0,12.408919745816151,0.0,-1.0594865441508685
4,1.0000000000000007,0.0,0.21484140344221614,10.04024389032446,10.372055372440807,187.85607896599805,188.971191665574,30.526643358618042,252.56254711494606,41.04145494763368,0.0,0.0,0.0,12.408919745816151,0.0,-1.0414549476336816,0.0,12.408919745816151,0.0,-1.0792932390910959
5,1.2000000000000008,0.005383854782082594,0.2146186332777049,10.040186659963394,10.371994519509347,187.85519949058275,188.7763540100824,30.526500443720142,252.56106532847102,41.0412141570907,0.0034032452934790866,0.00990304744301754,0.005383854782082594,12.408919745816151,0.005383854782082594,-1.0412141570906996,0.0034032452934790866,12.408919745816151,0.005383854782082594,-1.0875368239302865
6,1.400000000000001,0.013602407356769953,0.21422484198888042,10.038173695227878,10.369853861966858,187.81673646014207,188.46887697847524,30.52025019502328,252.50893969839885,41.03274373373355,0.013253590609945493,0.028663357644535276,0.018986262138852548,12.408919745816151,0.018986262138852548,-1.0327437337335468,0.013253590609945493,12.408919745816151,0.018986262138852548,-1.0826904429019752
7,1.6000000000000012,-0.0030102625262790343,0.21434804465621798,10.036408723522234,10.367977265222553,187.78254653828913,188.6113995100786,30.51469432716631,252.46324402510845,41.025318179398305,0.014974481310035103,0.005007591512692054,0.015975999612573514,12.408919745816151,0.015975999612573514,-1.0253181793983046,0.014974481310035103,12.408919745816151,0.015975999612573514,-1.0832109163135855
8,1.8000000000000014,0.00517160084320328,0.21427107659869205,10.035030557538185,10.366511128451625,187.7560080975747,188.57033871419776,30.510381826237715,252.427543170843,41.01951678477877,0.018876636834130503,0.011354818108231454,0.021147600455776794,12.408919745816151,0.021147600455776794,-1.019516784778773,0.018876636834130503,12.408919745816151,0.021147600455776794,-1.0900367301432319
9,2.0000000000000013,-0.009152406655680456,0.21456700099733808,10.035019380582177,10.366500422514418,187.75551560437034,188.83096348345651,30.510301796011976,252.4272824781767,41.019474422178135,0.01452673521793904,-0.012657707089213516,0.011995193800096338,12.408919745816151,0.011995193800096338,-1.0194744221781349,0.01452673521793904,12.408919745816151,0.011995193800096338,-1.1108205704420364
10,2.199999999999997,0.01505848236039237,0.21416786978426205,10.03401226263707,10.365427170521594,187.73643374569363,188.49922116260177,30.507200990876207,252.40114848184996,41.01522764352826,0.022445272126902806,0.023042020167929507,0.027053676160488708,12.408919745816151,0.027053676160488708,-1.015227643528263,0.022445272126902806,12.408919745816151,0.027053676160488708,-1.1146157052292207
11,2.399999999999993,0.016196255518290677,0.21372297720166525,10.030801106568411,10.362002942716408,187.67472165083734,188.1698123233283,30.497172765433834,252.31776754477195,41.00167822770367,0.035469987421493425,0.0388997212864298,0.043249931678779385,12.408919745816151,0.043249931678779385,-1.001678227703671,0.035469987421493425,12.408919745816151,0.043249931678779385,-1.0979808141970164
12,2.5999999999999885,0.011071825915895424,0.213487471241731,10.026616064667182,10.357534493625506,187.59384248465634,188.04355474161667,30.484029887786544,252.20895951747866,40.98399690558719,0.047365431951691496,0.03478162821491656,0.05432175759467481,12.408919745816151,0.05432175759467481,-0.9839969055871904,0.047365431951691496,12.408919745816151,0.05432175759467481,-1.0730610941851406
13,2.7999999999999843,-0.005731687547284862,0.2137705618239835,10.02414777324516,10.354909072194692,187.54589673024546,188.34064642265844,30.476238694903582,252.14502974656958,40.97360830742586,0.04813955086910195,0.0022525958914399596,0.048590070047389945,12.408919745816151,0.048590070047389945,-0.973608307425863,0.04813955086910195,12.408919745816151,0.048590070047389945,-1.0610091264172543
14,2.99999999999998,-0.0007408893346654425,0.2138933152582522,10.023335378767008,10.35404593577162,187.53010288647198,188.46450675397296,30.473672192723892,252.12401212511548,40.97019294052421,0.04795600192358674,-0.000534106054311187,0.0478491807127245,12.408919745816151,0.0478491807127245,-0.9701929405242069,0.04795600192358674,12.408919745816151,0.0478491807127245,-1.0609236400079347
15,3.1999999999999758,-0.0027011329818561846,0.2140044323102409,10.023400008731906,10.354118413956696,187.53130606429673,188.56109367722243,30.47386770931593,252.12577698987715,40.97047973133477,0.04618103635013249,-0.0051649430963208315,0.04514804773086832,12.408919745816151,0.04514804773086832,-0.9704797313347697,0.04618103635013249,12.408919745816151,0.04514804773086832,-1.0670089642439506
16,3.3999999999999715,0.013246787966271108,0.21363967955471086,10.022246320445594,10.352873484447892,187.50907400153122,188.26234273682115,30.47025499550382,252.09546259640052,40.96555363746872,0.053901630018730655,0.02246602839204387,0.05839483569713943,12.408919745816151,0.05839483569713943,-0.965553637468723,0.053901630018730655,12.408919745816151,0.05839483569713943,-1.064068006656293
17,3.5999999999999672,0.010019338411312306,0.21337238700911584,10.019654899210696,10.350088771153112,187.45879253334408,188.07738972955727,30.462084248752664,252.02765402254892,40.95453473319893,0.06307530749868777,0.026694333048819865,0.06841417410845174,12.408919745816151,0.06841417410845174,-0.9545347331989333,0.06307530749868777,12.408919745816151,0.06841417410845174,-1.050805491939808
18,3.799999999999963,-0.0019023032487247055,0.2134938788101416,10.017681815090754,10.347982962302325,187.42044268897448,188.22277428604679,30.455852392810748,251.9763769681952,40.94620220353393,0.06524762985090306,0.0063212050441199125,0.06651187085972704,12.408919745816151,0.06651187085972704,-0.9462022035339288,0.06524762985090306,12.408919745816151,0.06651187085972704,-1.0420706984464634
19,3.9999999999999587,0.00016190771070920794,0.21356372307906768,10.016719982105231,10.34695689059884,187.4017448562924,188.3030226469391,30.452813991961506,251.95139182555482,40.94214211379477,0.06614912777646095,0.002623253969876449,0.06667377857043624,12.408919745816151,0.06667377857043624,-0.9421421137947732,0.06614912777646095,12.408919745816151,0.06667377857043624,-1.0401476668823335
20,4.199999999999955,0.014388381095857994,0.2131972668739936,10.014736640126538,10.344803353211217,187.36302043316059,188.01904440199166,30.446521266909862,251.89895256752982,40.93362072584432,0.07557596182842731,0.027430989189334634,0.08106215966629424,12.408919745816151,0.08106215966629424,-0.933620725844321,0.07557596182842731,12.408919745816151,0.08106215966629424,-1.0308533324302123
21,4.399999999999951,-0.014482380279364783,0.21364495208698672,10.014264622699187,10.344330507169035,187.35398536329177,188.42247129766884,30.44505306658798,251.88743862969216,40.93174970907469,0.06988928995622212,-0.01654755284646335,0.06657977938692945,12.408919745816151,0.06657977938692945,-0.9317497090746869,0.06988928995622212,12.408919745816151,0.06657977938692945,-1.0323769346053007
22,4.599999999999946,-0.0010044996303939537,0.21371928415617727,10.015071550347233,10.345200459615304,187.36970163932057,188.47217747126888,30.447606963996556,251.9086222232818,40.93519204647534,0.06716231541802235,-0.00793517830743426,0.0655752797565355,12.408919745816151,0.0655752797565355,-0.9351920464753434,0.06716231541802235,12.408919745816151,0.0655752797565355,-1.042681206715315
23,4.799999999999942,0.0016048125505033425,0.21365236774056132,10.01555864252867,10.34571813784153,187.37916674999576,188.40373822888446,30.44914504601936,251.92122783776287,40.93724046087693,0.06717355255504162,3.2698759986141135e-05,0.06718009230703885,12.408919745816151,0.06718009230703885,-0.9372404608769287,0.06717355255504162,12.408919745816151,0.06718009230703885,-1.0509801771471763
24,4.999999999999938,-0.01029697815643957,0.2139197472671757,10.016821209667137,10.347085637936138,187.40372192366357,188.6145887210374,30.453135265730594,251.9545268604418,40.942651557473354,0.06066875488027826,-0.018928203648394884,0.05688311415059928,12.408919745816151,0.05688311415059928,-0.9426515574733543,0.06066875488027826,12.408919745816151,0.05688311415059928,-1.064605811820525
25,5.199999999999934,-0.005599493848378753,0.21405238819246125,10.018792800114428,10.349200246766214,187.44197495439212,188.69297645785923,30.45935138944011,252.0060181968355,40.95101890800468,0.05473621836615496,-0.017262990319672142,0.05128362030222053,12.408919745816151,0.05128362030222053,-0.9510189080046771,0.05473621836615496,12.408919745816151,0.05128362030222053,-1.0829081187081921
26,5.399999999999929,0.017453292519943295,0.21350727863307783,10.018408370352144,10.348761842702025,187.43456648739505,188.22042085460097,30.458147512349207,251.99534293111995,40.94928417559117,0.06358634516961585,0.025752838262739844,0.06873691282216382,12.408919745816151,0.06873691282216382,-0.949284175591167,0.06358634516961585,12.408919745816151,0.06873691282216382,-1.08547161706686
27,5.599999999999925,0.00308989936525081,0.21339593127305118,10.01664083564367,10.34686120877443,187.40017734918808,188.15681750685476,30.452559271802336,251.94906194546664,40.94176350790184,0.0687953137858802,0.015157492007672121,0.07182681218741463,12.408919745816151,0.07182681218741463,-0.9417635079018396,0.0687953137858802,12.408919745816151,0.07182681218741463,-1.079290040551146
28,5.799999999999921,-0.014833333936469488,0.21386292574370414,10.016908544616301,10.347176087847263,187.40542212835757,188.56284043495066,30.453411549269656,251.95672934192888,40.943009461072904,0.06133513091238432,-0.021708263307195913,0.05699347825094514,12.408919745816151,0.05699347825094514,-0.9430094610729043,0.06133513091238432,12.408919745816151,0.05699347825094514,-1.086830268850298
29,5.9999999999999165,-0.002137157646464166,0.2139456626040549,10.018334409732025,10.348705479401113,187.4331011013764,188.60791179751217,30.457909386883053,251.99397046844678,40.94906115018375,0.05723974172003569,-0.011917105577773576,0.05485632060448097,12.408919745816151,0.05485632060448097,-0.949061150183752,0.05723974172003569,12.408919745816151,0.05485632060448097,-1.101921405710001
30,6.199999999999912,-0.01500335284523313,0.21432297501364553,10.021019905345293,10.351588339085534,187.4850542098404,188.88791991822453,30.466351775450843,252.06416893526244,40.96046841244856,0.046249204447790314,-0.03198118344271236,0.03985296775924784,12.408919745816151,0.03985296775924784,-0.960468412448563,0.046249204447790314,12.408919745816151,0.03985296775924784,-1.1258288488130563
31,6.399999999999908,-0.009444489888532198,0.21452313160289738,10.024527876795766,10.355333608460993,187.55284130976696,188.9959427528346,30.477367190204323,252.15536732739707,40.97528816599019,0.0362359555117066,-0.029137388204954796,0.03040847787071564,12.408919745816151,0.03040847787071564,-0.9752881659901931,0.0362359555117066,12.408919745816151,0.03040847787071564,-1.155621877784807
32,6.599999999999904,0.009249266656764479,0.21416200312293424,10.026111490002087,10.357014053310134,187.58371137291962,188.64717344832172,30.48238358048302,252.19628664532826,40.981937561803406,0.038398938696536274,0.006294029154719251,0.039657744527480124,12.408919745816151,0.039657744527480124,-0.9819375618034059,0.038398938696536274,12.408919745816151,0.039657744527480124,-1.1730746728086494
33,6.7999999999998995,-0.004421113725640543,0.21420742297772608,10.026771893255395,10.357718739871826,187.5964592878404,188.67434475583931,30.484455118729183,252.2134459668463,40.98472595433848,0.036399978862966045,-0.005816740305632333,0.03523663080183958,12.408919745816151,0.03523663080183958,-0.9847259543384794,0.036399978862966045,12.408919745816151,0.03523663080183958,-1.1846409191895202
34,6.999999999999895,-0.017453292519943295,0.21467554277975848,10.029176266225125,10.360285238242723,187.64257809861047,189.03982421923627,30.491949432973637,252.27594094421042,40.99488139831559,0.024646679473881897,-0.03431670595992807,0.017783338281896283,12.408919745816151,0.017783338281896283,-0.9948813983155915,0.024646679473881897,12.408919745816151,0.017783338281896283,-1.2076312622384764
35,7.199999999999891,-0.009715162762635923,0.2148998003676624,10.032746655040022,10.364084507504618,187.7113210594704,189.16793117014703,30.503120175284117,252.36845424919235,41.009914825408586,0.014167066289615308,-0.03049445385177474,0.00806817551926036,12.408919745816151,0.00806817551926036,-1.0099148254085861,0.014167066289615308,12.408919745816151,0.00806817551926036,-1.2384234242636818
36,7.399999999999887,0.009045880212077287,0.21454448663697911,10.034435874526437,10.365879793750322,187.7442696630087,188.82245413923047,30.508474328713245,252.41216998833315,41.01701864012278,0.016029918902366203,0.005420684144857215,0.017114055731337646,12.408919745816151,0.017114055731337646,-1.017018640122778,0.016029918902366203,12.408919745816151,0.017114055731337646,-1.2574825319256155
37,7.599999999999882,-0.00017237622244728113,0.21446800323130938,10.034711926637732,10.366173100117743,187.74967247661206,188.74979968912228,30.509352286801747,252.41931208318135,41.0181792316962,0.016606261526476263,0.0016770899120705125,0.016941679508890365,12.408919745816151,0.016941679508890365,-1.0181792316962017,0.016606261526476263,12.408919745816151,0.016941679508890365,-1.2678628211870968
38,7.799999999999878,-0.01530003627274906,0.21488056625133983,10.036389450648171,10.367957738563053,187.78165442276187,189.08033765358334,30.514549358248164,252.462768545304,41.02524091385281,0.0071468186501970725,-0.027525877070278842,0.0016416432361413043,12.408919745816151,0.0016416432361413043,-1.0252409138528122,0.0071468186501970725,12.408919745816151,0.0016416432361413043,-1.2876232392889433
39,7.999999999999874,0.013778850101366109,0.2144692857045606,10.036810967206003,10.368405341106245,187.79019336537166,188.71029169402485,30.515936937809833,252.47366779664276,41.027012043966494,0.012376778517070327,0.015218574102185429,0.015420493337507413,12.408919745816151,0.015420493337507413,-1.0270120439664936,0.012376778517070327,12.408919745816151,0.015420493337507413,-1.2991262662949856
40,8.19999999999987,-0.013335702176571524,0.21479853113449193,10.037630330321871,10.36927691482683,187.80568497287524,188.98410674978197,30.518454326546554,252.4948908687307,41.030460796629534,0.00587100171809778,-0.018931052785809456,0.0020847911609358886,12.408919745816151,0.0020847911609358886,-1.0304607966295336,0.00587100171809778,12.408919745816151,0.0020847911609358886,-1.3128231719499808
41,8.399999999999865,0.0004547846904014689,0.21478193607680865,10.038803196155408,10.370523793538496,187.82833604454945,188.9467857192987,30.522135129374416,252.52525272586064,41.03539460334696,0.0037651389375193828,-0.006127815430910127,0.0025395758513373575,12.408919745816151,0.0025395758513373575,-1.0353946033469583,0.0037651389375193828,12.408919745816151,0.0025395758513373575,-1.3282668045300157
42,8.599999999999861,-0.005335194875837104,0.21481272004261812,10.039763974557626,10.371545185017734,187.84684703197635,188.9552566431554,30.525143167839325,252.55012390368748,41.03943617378539,0.00138511720828342,-0.0069255860414171,0.0,12.408919745816151,0.0,-1.0394361737853899,0.00138511720828342,12.408919745816151,0.0,-1.3422189454143187
43,8.799999999999857,-0.01509666439222408,0.21478296981348624,10.040420073254682,10.37224266848913,187.85953877112777,188.91638293913803,30.52720557751384,252.56710782787422,41.04219606422563,0.000509556144546121,-0.0025477807227306053,0.0,12.408919745816151,0.0,-1.042196064225628,0.000509556144546121,12.408919745816151,0.0,-1.354241335741977
44,8.999999999999853,-0.010111896783057468,0.21475904865319845,10.040757032524017,10.372600882881068,187.86606585926205,188.8888191955671,30.528266230396316,252.57583045188582,41.04361349204494,0.00018745522970326043,-0.0009372761485163021,0.0,12.408919745816151,0.0,-1.0436134920449405,0.00018745522970326043,12.408919745816151,0.0,-1.3637722507733865
45,9.199999999999848,-0.014095980572329506,0.21474614935671515,10.040911187124255,10.372764761663305,187.86905392630686,188.87448970403878,30.52875179177666,252.57982094761434,41.04426194824928,6.896092514869396e-05,-0.0003448046257434698,0.0,12.408919745816151,0.0,-1.0442619482492788,6.896092514869396e-05,12.408919745816151,0.0,-1.3713446657692154
46,9.399999999999844,-0.005313482830871852,0.21474010922130796,10.04097743423218,10.372835187733237,187.8703385415416,188.8678949353289,30.528960541961055,252.581535842779,41.04454061899221,2.536930660665935e-05,-0.00012684653303329674,0.0,12.408919745816151,0.0,-1.0445406189922082,2.536930660665935e-05,12.408919745816151,0.0,-1.377970424944114
47,9.59999999999984,0.010640335562653744,0.21444021965937968,10.039838341867497,10.371624145596206,187.84865599481466,188.62615887487092,30.52543712459451,252.55204661660255,41.03974861494653,0.0067353077082804545,0.019525139271866446,0.010640335562653744,12.408919745816151,0.010640335562653744,-1.0397486149465323,0.0067353077082804545,12.408919745816151,0.010640335562653744,-1.3768118870150508
48,9.799999999999836,5.520857775410358e-05,0.2144553476264442,10.038478423250764,10.370178302150352,187.82239443367496,188.6657664731039,30.5211696166418,252.51683991066992,41.03402751951138,0.009238654574833256,0.007284447827872959,0.010695544140407848,12.408919745816151,0.010695544140407848,-1.0340275195113833,0.009238654574833256,12.408919745816151,0.010695544140407848,-1.3736509193434192
49,9.999999999999831,0.010745692712090799,0.21420159117919665,10.036501253439345,10.368075142994389,187.7844702951659,188.4807512847101,30.515006937971396,252.46562737715135,41.02570547449257,0.016952157703290862,0.022445395746038925,0.021441236852498647,12.408919745816151,0.021441236852498647,-1.0257054744925682,0.016952157703290862,12.408919745816151,0.021441236852498647,-1.3662847200106256
50,10.199999999999827,-0.0030357446086624294,0.2143342153576309,10.035066900288033,10.36655008955019,187.75665217860566,188.62519537486784,30.510486489509912,252.42849188485758,41.01967095096031,0.017870840345219078,0.002673259493085698,0.018405492243836218,12.408919745816151,0.018405492243836218,-1.019670950960311,0.017870840345219078,12.408919745816151,0.018405492243836218,-1.3617314621509526
51,10.399999999999823,-0.012185260278143928,0.21473147300551032,10.035812429741394,10.367344081503962,187.77066504878943,188.96032985446163,30.512763583191866,252.447825818493,41.02281271831783,0.010506251265709284,-0.02143009650008497,0.00622023196569229,12.408919745816151,0.00622023196569229,-1.0228127183178302,0.010506251265709284,12.408919745816151,0.00622023196569229,-1.3699369094429605
52,10.599999999999818,-0.016569926147553215,0.21490851398484412,10.037820746968974,10.369479385667857,187.80924886690994,189.07717996626567,30.51903345990633,252.49982109224857,41.03126195875235,0.0038650338444804005,-0.019325169222402003,0.0,12.408919745816151,0.0,-1.0312619587523528,0.0038650338444804005,12.408919745816151,0.0,-1.3857280313159737
53,10.799999999999814,0.006995219124986452,0.21465895588432338,10.03867217096932,10.370384458018416,187.82593020716675,188.84113547731374,30.521744180408778,252.52185986566158,41.03484326301327,0.00584368831321755,0.005757654058844513,0.006995219124986452,12.408919745816151,0.006995219124986452,-1.034843263013272,0.00584368831321755,12.408919745816151,0.006995219124986452,-1.394631274609183
54,10.99999999999981,0.01561844943028436,0.21417680002928124,10.03693686242435,10.368538355054032,187.7929036028022,188.45051764014738,30.51637735183271,252.4769067247287,41.027538370306786,0.016444337595297082,0.030846654799868648,0.022613668555270812,12.408919745816151,0.022613668555270812,-1.027538370306786,0.016444337595297082,12.408919745816151,0.022613668555270812,-1.387758904645287
55,11.199999999999806,0.001606797437753292,0.21415561759670224,10.03464328355998,10.366098470964534,187.7486338401443,188.47623107169642,30.509183508206956,252.41749484172374,41.01788392966404,0.02135978822355795,0.014303388847330765,0.024220465993024104,12.408919745816151,0.024220465993024104,-1.0178839296640376,0.02135978822355795,12.408919745816151,0.024220465993024104,-1.3771296786468312
56,11.399999999999801,0.009084629205937939,0.21397680190780463,10.032198490071302,10.363494951103423,187.70155102495943,188.36616667233727,30.50153254308845,252.35409838036912,41.00758199439198,0.02891066234417844,0.02197216427391801,0.03330509519896204,12.408919745816151,0.03330509519896204,-1.0075819943919768,0.02891066234417844,12.408919745816151,0.03330509519896204,-1.3651176562370932
57,11.599999999999797,-0.007692683329424091,0.2142603949797662,10.031148876181529,10.362380751180478,187.68103880428674,188.6360974598946,30.498199303895902,252.326967290105,41.00317318781525,0.02682577041100611,-0.0060667927073407985,0.02561241186953795,12.408919745816151,0.02561241186953795,-1.00317318781525,0.02682577041100611,12.408919745816151,0.02561241186953795,-1.3610963916600902
58,11.799999999999793,0.0039440916401369125,0.21420516689161426,10.0306958668913,10.361897921604104,187.6723285226328,188.5962618717124,30.496783881711714,252.3152102503233,41.00126266694021,0.02855192294333667,0.005022902831690965,0.029556503509674863,12.408919745816151,0.029556503509674863,-1.0012626669402067,0.02855192294333667,12.408919745816151,0.029556503509674863,-1.3605966264821163
59,11.999999999999789,0.014527086015569887,0.2138106670823632,10.028712609744986,10.359779055497134,187.63426165636776,188.28742796045793,30.490598009757772,252.26361524800646,40.99287847067952,0.038369808702565435,0.028568904113396576,0.04408358952524475,12.408919745816151,0.04408358952524475,-0.9928784706795213,0.038369808702565435,12.408919745816151,0.04408358952524475,-1.3516398321330274
60,12.199999999999784,-0.008066290500551281,0.21407438183871547,10.027511306101607,10.358504103024421,187.6108518339782,188.54286577830968,30.486793909815365,252.23256978667825,40.9878335781688,0.03688273897034938,-0.004327199728279552,0.03601729902469347,12.408919745816151,0.03601729902469347,-0.9878335781687966,0.03688273897034938,12.408919745816151,0.03601729902469347,-1.3471333962443577
61,12.39999999999978,0.006631402191757205,0.213947646475001,10.026630615606805,10.357562685759714,187.59388878087842,188.4483723197177,30.484037410930153,252.20964600409758,40.98410845977432,0.04052752224751489,0.010605894844678936,0.042648701216450674,12.408919745816151,0.042648701216450674,-0.984108459774319,0.04052752224751489,12.408919745816151,0.042648701216450674,-1.343816109032337
62,12.599999999999776,0.014706275145040188,0.21355708116424008,10.02421488788595,10.354973243251935,187.547275708488,188.1513951870516,30.47646277909208,252.14659233036673,40.973862227546824,0.051164501945632004,0.03095237207929428,0.05735497636149086,12.408919745816151,0.05735497636149086,-0.9738622275468245,0.051164501945632004,12.408919745816151,0.05735497636149086,-1.3309784963434805
63,12.799999999999772,0.011459174374069044,0.21328972257076587,10.020637863006321,10.351136438366344,187.47789517135337,187.98549658531218,30.465188430533356,252.05316502209547,40.95868027477079,0.06232090766300352,0.032466215362781936,0.06881415073555991,12.408919745816151,0.06881415073555991,-0.9586802747707921,0.06232090766300352,12.408919745816151,0.06881415073555991,-1.3109020809257297
64,12.999999999999767,0.009633001122115077,0.2131207265951364,10.016819227539552,10.347033008647175,187.40357483506864,187.91104220257117,30.453111363810017,251.95324532203924,40.94244330727469,0.07251463815507671,0.029662568512991358,0.07844715185767498,12.408919745816151,0.07844715185767498,-0.9424433072746865,0.07251463815507671,12.408919745816151,0.07844715185767498,-1.2892629153106085
65,13.199999999999763,-0.004308179050664371,0.21335794671781186,10.01456408837802,10.34463079371569,187.35972690065208,188.16388696103087,30.44598606734203,251.89475069392287,40.93293792070039,0.07354141348297487,0.002987796620178701,0.07413897280701061,12.408919745816151,0.07413897280701061,-0.9329379207003896,0.07354141348297487,12.408919745816151,0.07413897280701061,-1.2758678399655574
66,13.399999999999759,0.008750302620592117,0.21320412005124414,10.012763591578167,10.34268394221668,187.3245392537724,188.06361811763688,30.440268069006084,251.84734429704312,40.92523437350388,0.07945038919922562,0.017194431141885555,0.08288927542760273,12.408919745816151,0.08288927542760273,-0.9252343735038835,0.07945038919922562,12.408919745816151,0.08288927542760273,-1.264815688576456
67,13.599999999999755,0.01031310380489946,0.21296414391120527,10.01021746276216,10.339919285626188,187.2745938772957,187.9021666576812,30.43215193721249,251.78002410973986,40.91429483212756,0.0881433048240069,0.02529537204247645,0.09320237923250219,12.408919745816151,0.09320237923250219,-0.9142948321275597,0.0881433048240069,12.408919745816151,0.09320237923250219,-1.2496057247286194
68,13.79999999999975,0.00797007132260456,0.21280902637825516,10.007275960373704,10.336725889875536,187.216779919415,187.82331124123343,30.422757159662098,251.70226399992848,40.90165880164718,0.09637929570455325,0.023965774252767483,0.10117245055510675,12.408919745816151,0.10117245055510675,-0.90165880164718,0.09637929570455325,12.408919745816151,0.10117245055510675,-1.2318044616699524
69,13.999999999999746,-0.003858305603820036,0.2130066901516298,10.005528866732353,10.33486380766847,187.18277703863347,188.03163995348416,30.417231686009625,251.6569217598163,40.89429068026083,0.0969702331328149,0.0017195590923590326,0.09731414495128671,12.408919745816151,0.09731414495128671,-0.8942906802608306,0.0969702331328149,12.408919745816151,0.09731414495128671,-1.2200037189818773
70,14.199999999999742,0.00030506926405778,0.21307013128316069,10.004858719603245,10.334147882217218,187.16971562081082,188.10067287699388,30.415109203490964,251.63948876808809,40.89145781627213,0.09738046741736991,0.0011937339898728666,0.09761921421534449,12.408919745816151,0.09761921421534449,-0.8914578162721298,0.09738046741736991,12.408919745816151,0.09761921421534449,-1.21325824207181
71,14.399999999999737,-0.008093820928319976,0.21332496505104914,10.00544415015395,10.334812823704935,187.1815287639243,188.31352608590237,30.41702884116654,251.6556802855636,40.89408894049303,0.0924151135684895,-0.014448601407324943,0.08952539328702451,12.408919745816151,0.08952539328702451,-0.8940889404930275,0.0924151135684895,12.408919745816151,0.08952539328702451,-1.2127721888697058
72,14.599999999999733,0.014288183821032967,0.21291935572650655,10.004858328505868,10.334126698706838,187.16948256371796,187.96795185202012,30.415071331675502,251.63897294348567,40.89137399469042,0.09962031671085986,0.02096630198598806,0.10381357710805747,12.408919745816151,0.10381357710805747,-0.8913739946904187,0.09962031671085986,12.408919745816151,0.10381357710805747,-1.2069430383250697
73,14.799999999999729,-0.0052257399953321475,0.21305973602168995,10.004148716138506,10.3333786869596,187.15576273742357,188.105496965456,30.41284185767319,251.6207586411733,40.88841416760483,0.09896766513031237,-0.0018991400879352083,0.09858783711272533,12.408919745816151,0.09858783711272533,-0.8884141676048287,0.09896766513031237,12.408919745816151,0.09858783711272533,-1.2017225415026602
74,14.999999999999725,0.0030189781370652392,0.21300776997998233,10.003704562469634,10.332890777649908,187.1469575485871,188.06849734998502,30.411411013056416,251.6088779084167,40.88648354660126,0.10063592617865819,0.004854445355661902,0.10160681524979057,12.408919745816151,0.10160681524979057,-0.8864835466012622,0.10063592617865819,12.408919745816151,0.10160681524979057,-1.198655666385224
75,15.19999999999972,-0.0050476036467302695,0.21316175782684368,10.003848141120523,10.333067669143194,187.15001315859445,188.20123419952722,30.411907550179148,251.61318526742156,40.887183493139496,0.09805895108296396,-0.007498697399518292,0.0965592116030603,12.408919745816151,0.0965592116030603,-0.8871834931394957,0.09805895108296396,12.408919745816151,0.0965592116030603,-1.199090212882981
76,15.399999999999716,-0.0016880540196224326,0.21321458125789527,10.004457966558153,10.333733915917774,187.1620540336517,188.23573528066996,30.4138641943326,251.62940856900957,40.88981978228384,0.096043881274627,-0.005863618455945671,0.09487115758343787,12.408919745816151,0.09487115758343787,-0.889819782283837,0.096043881274627,12.408919745816151,0.09487115758343787,-1.2022922372490994
77,15.599999999999712,-0.004380421456421973,0.2133208295990907,10.005415841585501,10.334781768578337,187.1809687277686,188.31044135289483,30.416937835200233,251.65492408425217,40.89396605765704,0.09253362406068652,-0.01021443966835317,0.09049073612701589,12.408919745816151,0.09049073612701589,-0.893966057657039,0.09253362406068652,12.408919745816151,0.09049073612701589,-1.2082163025633685
78,15.799999999999708,-0.007873567103197414,0.2135169692898781,10.007080100012233,10.3365984840474,187.21375002515418,188.45045797195917,30.42226480135236,251.6991616311775,40.90115466622101,0.08626522896122525,-0.01824029968703393,0.08261716902381847,12.408919745816151,0.08261716902381847,-0.9011546662210108,0.08626522896122525,12.408919745816151,0.08261716902381847,-1.2188898701259434
79,15.999999999999703,-0.0017838893278651548,0.21352402979037768,10.008731351378103,10.33837696470308,187.24602816721844,188.4242699309318,30.427510004683004,251.74246814934227,40.9081919824601,0.0828315821561562,-0.009991512301014416,0.08083327969595332,12.408919745816151,0.08083327969595332,-0.908191982460103,0.0828315821561562,12.408919745816151,0.08083327969595332,-1.230559133682336
80,16.199999999999733,-0.004348751685693347,0.21359103589090633,10.01022868976757,10.339993493049038,187.27530627157313,188.45393244474255,30.432267701398334,251.7818310819413,40.91458846540393,0.07881947874256366,-0.011674753661518461,0.07648452801025997,12.408919745816151,0.07648452801025997,-0.9145884654039307,0.07881947874256366,12.408919745816151,0.07648452801025997,-1.242296494897544
81,16.399999999999764,0.01468514462626609,0.21313263894201312,10.009730006347294,10.339412288778421,187.265218508614,188.06005405205892,30.430628438278212,251.7676785899125,40.91228868314946,0.08662629020840468,0.02271691214060692,0.09116967263652606,12.408919745816151,0.09116967263652606,-0.9122886831494625,0.08662629020840468,12.408919745816151,0.09116967263652606,-1.24446409896896
82,16.599999999999795,0.015237600749646214,0.21268996017728384,10.00681825574756,10.336214868760468,187.2076228933251,187.72750525966777,30.42126914143447,251.6898204880288,40.89963672894141,0.09907047706237654,0.036683981618978664,0.10640727338617227,12.408919745816151,0.10640727338617227,-0.8996367289414096,0.09907047706237654,12.408919745816151,0.10640727338617227,-1.2351428893594503
83,16.799999999999827,0.010264723738627888,0.2124673244461107,10.002945366310813,10.331982419026694,187.13101548380303,187.6078204966382,30.408820424938416,251.58675911331437,40.882889238802825,0.11019658426287492,0.0323770643096262,0.11667199712480016,12.408919745816151,0.11667199712480016,-0.8828892388028251,0.11019658426287492,12.408919745816151,0.11667199712480016,-1.220822506479317
84,16.999999999999858,-0.015644523441831915,0.21302639136592566,10.001702575907672,10.330725360096093,187.10763042059614,188.12436289439924,30.405020348367223,251.55614936491003,40.87791514971303,0.10440060095918172,-0.01686563638106736,0.10102747368296824,12.408919745816151,0.10102747368296824,-0.8779151497130329,0.10440060095918172,12.408919745816151,0.10102747368296824,-1.2182409708437418
85,17.19999999999989,-0.0029136438741688003,0.2131869090805855,10.002489814416403,10.33160180556684,187.12337691571764,188.2501457578041,30.407579156383274,251.577491065523,40.881383179530665,0.10042660366640101,-0.011563869288007816,0.09811382980879944,12.408919745816151,0.09811382980879944,-0.8813831795306655,0.10042660366640101,12.408919745816151,0.09811382980879944,-1.2242235785500697
86,17.39999999999992,-0.00430714083395816,0.2132921522320258,10.003788745766762,10.333020930680846,187.14903221524222,188.31721165435368,30.411748146725007,251.61204717235015,40.88699855250545,0.0962420194922025,-0.012176652586806044,0.09380668897484129,12.408919745816151,0.09380668897484129,-0.8869985525054531,0.0962420194922025,12.408919745816151,0.09380668897484129,-1.2325225196589666
87,17.59999999999995,-0.013376724220034454,0.2136314984750362,10.006245829469016,10.335711940276427,187.19754028529582,188.5677146085246,30.419630715991286,251.6775740340344,40.89764667817727,0.08624689461543818,-0.029084649303156712,0.08042996475480683,12.408919745816151,0.08042996475480683,-0.8976466781772672,0.08624689461543818,12.408919745816151,0.08042996475480683,-1.2463277942623217
88,17.799999999999983,-0.012685723382726761,0.2139268495529758,10.009868326077463,10.339634462509066,187.26844873921155,188.75677897538637,30.43115335127523,251.77308858448913,40.91316780814729,0.07456270114550352,-0.034092298867117246,0.06774424137208007,12.408919745816151,0.06774424137208007,-0.9131678081472927,0.07456270114550352,12.408919745816151,0.06774424137208007,-1.2657539445421324
89,18.000000000000014,-0.006482768674606361,0.21400664885584814,10.013455691637839,10.343487277792617,187.33830987406012,188.75685361538996,30.442505797040567,251.86690575057972,40.92841311288232,0.06615472118588409,-0.024466242442051887,0.06126147269747371,12.408919745816151,0.06126147269747371,-0.9284131128823176,0.06615472118588409,12.408919745816151,0.06126147269747371,-1.285725070941099
90,18.200000000000045,0.017453292519943295,0.21340278023602516,10.013959740069678,10.34398555704823,187.3479654326561,188.2151661239931,30.444074826881447,251.8790389945177,40.930384766993896,0.07409418323795557,0.023102909897307206,0.07871476521741701,12.408919745816151,0.07871476521741701,-0.930384766993896,0.07409418323795557,12.408919745816151,0.07871476521741701,-1.2918236307734292
91,18.400000000000077,0.007886398130105632,0.21312315153012115,10.012094396982674,10.341956764614805,187.31142005984634,188.0054155647697,30.43813619786123,251.82963731219397,40.92235698558851,0.08200010249402061,0.023005304267510185,0.08660116334752264,12.408919745816151,0.08660116334752264,-0.9223569855885074,0.08200010249402061,12.408919745816151,0.08660116334752264,-1.287314649940808
92,18.600000000000108,-0.011915721328098088,0.2135015159743397,10.011603929219179,10.341463600233114,187.30208580700398,188.34816920886018,30.43661938025753,251.81762861691482,40.92040557065423,0.0773763552272083,-0.013454566038918689,0.07468544201942456,12.408919745816151,0.07468544201942456,-0.920405570654232,0.0773763552272083,12.408919745816151,0.07468544201942456,-1.2899373207926457
93,18.80000000000014,-0.003195148323768582,0.2136330697390349,10.012482169015726,10.342417380858315,187.3192662307437,188.4468439492832,30.439411201907053,251.84085345089804,40.92417960995054,0.07365565472260874,-0.01082680513476375,0.07149029369565599,12.408919745816151,0.07149029369565599,-0.9241796099505422,0.07365565472260874,12.408919745816151,0.07149029369565599,-1.3001390956730532
94,19.00000000000017,-0.0028806237975437204,0.21369323574781834,10.013622771647523,10.34364557320801,187.34150116278175,188.47753443999147,30.443024381976418,251.8707602897113,40.929039476117566,0.07046598397552861,-0.009281570387081745,0.06860966989811226,12.408919745816151,0.06860966989811226,-0.9290394761175662,0.07046598397552861,12.408919745816151,0.06860966989811226,-1.3123260929612282
95,19.200000000000202,0.001462999222456623,0.21361807830210286,10.014299573671234,10.344366112516571,187.35465732269915,188.39812170691442,30.445162260100876,251.888305630199,40.931890596797935,0.07021736156961753,-0.0007234622452431672,0.07007266912056889,12.408919745816151,0.07007266912056889,-0.9318905967979347,0.07021736156961753,12.408919745816151,0.07007266912056889,-1.3224661085279172
96,19.400000000000233,0.009893558145265704,0.21331279105188758,10.013487600415436,10.343471331122169,187.338722545475,188.14515140572465,30.442572856212546,251.86651744454377,40.92835001308838,0.07637982000141416,0.01793203632210215,0.07996622726583459,12.408919745816151,0.07996622726583459,-0.9283500130883766,0.07637982000141416,12.408919745816151,0.07996622726583459,-1.3254533014494032
97,19.600000000000264,0.010504938788358432,0.21302406095800192,10.01119297961057,10.340976665843636,187.2937281991332,187.93581388488752,30.435261267620415,251.8057716237473,40.91847880733774,0.08528724954288457,0.025919582556542323,0.09047116605419303,12.408919745816151,0.09047116605419303,-0.9184788073377419,0.08528724954288457,12.408919745816151,0.09047116605419303,-1.3204196578923293
98,19.800000000000296,0.017453292519943295,0.21259551371683044,10.007407422756673,10.336839031454033,187.2190493504369,187.63281315598456,30.423125942571943,251.70501903007667,40.90210649449396,0.09928326966911871,0.04320594452508805,0.10792445857413632,12.408919745816151,0.10792445857413632,-0.9021064944939567,0.09928326966911871,12.408919745816151,0.10792445857413632,-1.3063736516953686
99,20.000000000000327,0.003918005145021746,0.2125778850734368,10.003604930425741,10.33271692872284,187.14423790379868,187.6921019040126,30.410969070336357,251.60464463677894,40.88579563927222,0.10722219443041352,0.02310134644372276,0.11184246371915807,12.408919745816151,0.11184246371915807,-0.8857956392722173,0.10722219443041352,12.408919745816151,0.11184246371915807,-1.2897503331906228
100,20.200000000000358,-0.016287232638138607,0.21316552587330345,10.00293426331777,10.332079698240191,187.13207544731998,188.22255745828755,30.40899266918217,251.58912789028867,40.883274165446075,0.09984726703821092,-0.021460179785957323,0.09555523108101946,12.408919745816151,0.09555523108101946,-0.8832741654460747,0.09984726703821092,12.408919745816151,0.09555523108101946,-1.2855689037621316
101,20.40000000000039,-0.011853444970482267,0.21356014918533972,10.005087800530092,10.334456072187125,187.17481424863354,188.5276437479888,30.415937731340684,251.64699328296004,40.89267730115831,0.08964137661172134,-0.02969795250592072,0.08370178611053719,12.408919745816151,0.08370178611053719,-0.892677301158308,0.08964137661172134,12.408919745816151,0.08370178611053719,-1.293932819645049
102,20.60000000000042,0.015374133528594012,0.21308068895985838,10.005660851523587,10.335016177730108,187.18546589147292,188.0941892657402,30.417668625032977,251.6606320148708,40.8948935973101,0.09560514522246037,0.017353872083354163,0.0990759196391312,12.408919745816151,0.0990759196391312,-0.8948935973101015,0.09560514522246037,12.408919745816151,0.0990759196391312,-1.2960228524496438
103,20.800000000000452,-0.0026117142273648715,0.21310311607040178,10.005226673200884,10.334549965897448,187.17698129239227,188.12247269517832,30.416289876303622,251.64927962195316,40.89304883161622,0.09614817482938824,0.0015801529118904256,0.09646420541176633,12.408919745816151,0.09646420541176633,-0.8930488316162197,0.09614817482938824,12.408919745816151,0.09646420541176633,-1.2937812451405435
104,21.000000000000483,0.0049344525899155285,0.21298010184316785,10.004487261934784,10.333733787822467,187.1622890734264,188.02872829351162,30.41390238833418,251.62940544985184,40.8898192754202,0.09946711318635651,0.009657724076626711,0.10139865800168185,12.408919745816151,0.10139865800168185,-0.8898192754202014,0.09946711318635651,12.408919745816151,0.10139865800168185,-1.2894511601653382
105,21.200000000000514,-0.004698789881173337,0.21312950628639715,10.004254536344703,10.333502699416355,187.157943245042,188.16483731820645,30.413196190515517,251.62377838035007,40.888904875711766,0.09771788068892866,-0.005090062842100715,0.09669986812050851,12.408919745816151,0.09669986812050851,-0.8889048757117664,0.09771788068892866,12.408919745816151,0.09669986812050851,-1.2868012985880577
106,21.400000000000546,0.010331492099988617,0.21285562817510273,10.003353165753639,10.332487748194605,187.139794800711,187.94149910641664,30.410247065362604,251.59906402465512,40.884888788895246,0.10360512257502323,0.017131188227369476,0.10703136022049713,12.408919745816151,0.10703136022049713,-0.8848887888952461,0.10360512257502323,12.408919745816151,0.10703136022049713,-1.2812750186344568
107,21.600000000000577,0.003753650655061028,0.21276195155535216,10.001794685418236,10.330782894404658,187.1089412148586,187.8897887546952,30.405233352647873,251.55755034195806,40.878142808711,0.10814367757985405,0.013206666478520548,0.11078501087555816,12.408919745816151,0.11078501087555816,-0.8781428087109973,0.10814367757985405,12.408919745816151,0.11078501087555816,-1.2736349409959833
108,21.80000000000061,-0.005565006952559528,0.21296600411330688,10.001208445307242,10.330180150617922,187.09779307082954,188.08096076899128,30.40342177743158,251.54287335648417,40.87575779618648,0.10629556335406246,-0.005377797155319136,0.10522000392299863,12.408919745816151,0.10522000392299863,-0.8757577961864769,0.10629556335406246,12.408919745816151,0.10522000392299863,-1.2712344409295873
109,22.00000000000064,-0.003717530492479528,0.21310410561176357,10.001692736488398,10.330726583810963,187.10757243196568,188.19297032874894,30.40501092520535,251.55617916272092,40.87791999186214,0.1032657526730967,-0.008816396212888017,0.1015024734305191,12.408919745816151,0.1015024734305191,-0.877919991862143,0.1032657526730967,12.408919745816151,0.1015024734305191,-1.2746228303736586
110,22.20000000000067,-0.015216757352927142,0.2135255226319193,10.003909375117718,10.333180720552793,187.15169716800503,188.52034081949017,30.41218120198202,251.61593810193096,40.88763082919461,0.09253232245148771,-0.031233031869478747,0.08628571607759196,12.408919745816151,0.08628571607759196,-0.8876308291946131,0.09253232245148771,12.408919745816151,0.08628571607759196,-1.285799685056471
111,22.400000000000702,-0.017453292519943295,0.21395921826076905,10.00791569729741,10.337539881581758,187.23039229856326,188.82359074332732,30.424969173485703,251.72208493331846,40.90487970654396,0.07801609129694297,-0.045918338696471495,0.06883242355764867,12.408919745816151,0.06883242355764867,-0.9048797065439587,0.07801609129694297,12.408919745816151,0.06883242355764867,-1.3044542613197763
112,22.600000000000733,0.004489407162844262,0.2137364624477922,10.011029300997333,10.340865803567672,187.29099350745557,188.56633606099362,30.43481687977841,251.80307209527476,40.91804013352228,0.07504875267809008,-0.008634609787985734,0.07332183072049293,12.408919745816151,0.07332183072049293,-0.9180401335222825,0.07504875267809008,12.408919745816151,0.07332183072049293,-1.3206794783278926
113,22.800000000000765,-0.005526837404295427,0.21377181864716402,10.013045357637028,10.343031865040098,187.33028038480325,188.55803210090212,30.441201003731532,251.85581631838573,40.92661107834876,0.07046350225667292,-0.01334254470237703,0.06779499331619751,12.408919745816151,0.06779499331619751,-0.9266110783487633,0.07046350225667292,12.408919745816151,0.06779499331619751,-1.3338727347284998
114,23.000000000000796,0.00042549616019440216,0.21369468583504675,10.014317374204364,10.344390478955814,187.35502200372144,188.46524094548127,30.445221520826255,251.88889896003946,40.931987012993424,0.06904564776455144,-0.004125791440797652,0.06822048947639191,12.408919745816151,0.06822048947639191,-0.9319870129934245,0.06904564776455144,12.408919745816151,0.06822048947639191,-1.3450626796368426
115,23.200000000000827,0.013131768535504105,0.21327852797625813,10.01351885921717,10.343502052342986,187.33931462855807,188.11437212793865,30.442669069809757,251.86726551515284,40.92847157468391,0.07682490911133681,0.022636744502795986,0.08135225801189601,12.408919745816151,0.08135225801189601,-0.9284715746839112,0.07682490911133681,12.408919745816151,0.08135225801189601,-1.3479606865612004
116,23.40000000000086,0.017453292519943295,0.2127902740409048,10.010336170272838,10.340027583496186,187.27673524314145,187.7467916695094,30.432499909510394,251.78266119418566,40.91472335877853,0.09048346925110651,0.041610406403663966,0.0988055505318393,12.408919745816151,0.0988055505318393,-0.9147233587785308,0.09048346925110651,12.408919745816151,0.0988055505318393,-1.34083668159631
117,23.60000000000089,0.014026765431717268,0.21246916893858356,10.005835316497471,10.335118187568389,187.18793845769704,187.55252676883,30.418070417446188,251.6631159839263,40.89529724268527,0.10433267886219999,0.0424981855067829,0.11283231596355657,12.408919745816151,0.11283231596355657,-0.8952972426852668,0.10433267886219999,12.408919745816151,0.11283231596355657,-1.327792273615662
118,23.80000000000092,-0.00714618810957762,0.2127968495736028,10.003001516872311,10.332097554296245,187.1327729268776,187.89669605979086,30.409106009723622,251.58956269041613,40.883344820537445,0.1051882217952236,0.0024895302937767705,0.10568612785397895,12.408919745816151,0.10568612785397895,-0.8833448205374452,0.1051882217952236,12.408919745816151,0.10568612785397895,-1.3205187150010538
119,24.000000000000952,0.011137759958820902,0.21259903957506437,10.000814931709854,10.329690558985192,187.089276439356,187.76577500507645,30.402037823433176,251.53095165867518,40.87382051835524,0.11254336550054779,0.021402611561260262,0.11682388781279984,12.408919745816151,0.11682388781279984,-0.8738205183552381,0.11254336550054779,12.408919745816151,0.11682388781279984,-1.3142371408878293
120,24.200000000000983,0.016559090410867956,0.21219203500894168,9.997354502883736,10.325836775173824,187.01972897118443,187.47625515072036,30.390736348553823,251.43711090865224,40.85857138122737,0.12558743419931157,0.038977720121781134,0.1333829782236678,12.408919745816151,0.1333829782236678,-0.858571381227371,0.12558743419931157,12.408919745816151,0.1333829782236678,-1.300784114622084
121,24.400000000001015,-0.0059118451935422185,0.21244983979596418,9.994869749010363,10.32317829384687,186.97120839750943,187.7523698280148,30.38285174744703,251.37237611971375,40.848051967505455,0.12677815895690256,0.0034648703661151192,0.12747113303012558,12.408919745816151,0.12747113303012558,-0.8480519675054552,0.12677815895690256,12.408919745816151,0.12747113303012558,-1.2884413190355746
122,24.600000000001046,0.0037665024879152617,0.21244364724213666,9.993521459459599,10.321701488553591,186.94440452973052,187.77375955764353,30.378496114577327,251.33641548384458,40.8422083583331,0.12959708577279358,0.008202748726236359,0.13123763551804085,12.408919745816151,0.13123763551804085,-0.842208358333103,0.12959708577279358,12.408919745816151,0.13123763551804085,-1.2778725361615186
123,24.800000000001077,-0.01027429551409266,0.21278169518270437,9.993733094323938,10.322009953496362,186.9496619629236,188.06693149279556,30.37935044832554,251.3439266943852,40.84342893126653,0.12413951757264335,-0.015880887843475813,0.12096334000394819,12.408919745816151,0.12096334000394819,-0.84342893126653,0.12413951757264335,12.408919745816151,0.12096334000394819,-1.272053446768724
124,25.00000000000111,-0.0030236189033241625,0.2128814118865776,9.994937976558116,10.323346017494456,186.97381433953677,188.13071469153616,30.38327521344994,251.3764602390252,40.848715637557234,0.12022049876215304,-0.01140388830764505,0.11793972110062403,12.408919745816151,0.11793972110062403,-0.848715637557234,0.12022049876215304,12.408919745816151,0.11793972110062403,-1.2693351716323997
125,25.20000000000114,0.013827053317096544,0.2124536185210736,9.994475544902642,10.322747998250415,186.96339098178572,187.7635357216326,30.3815814161216,251.36189829753187,40.84634931969825,0.12751913698189082,0.0212381871791488,0.13176677441772058,12.408919745816151,0.13176677441772058,-0.8463493196982483,0.12751913698189082,12.408919745816151,0.13176677441772058,-1.2606139784624046
126,25.40000000000117,0.01574323101092218,0.21199375926192182,9.991646997301741,10.319528396004879,186.90541069913755,187.41557231787849,30.372159610769465,251.28350005199314,40.83360959205848,0.14008449947635604,0.0371275297614336,0.14751000542864276,12.408919745816151,0.14751000542864276,-0.8336095920584796,0.14008449947635604,12.408919745816151,0.14751000542864276,-1.243903847013674
127,25.600000000001202,-0.013417059667278845,0.2124445125079732,9.99020325872267,10.318062991917996,186.8783532539216,187.84073996859124,30.367762771525033,251.2478170387961,40.82781109661546,0.13629711519380888,-0.011020847162224873,0.1340929457613639,12.408919745816151,0.1340929457613639,-0.8278110966154628,0.13629711519380888,12.408919745816151,0.1340929457613639,-1.2340744880425931
128,25.800000000001234,-0.014035484163395374,0.21292135687792615,9.991769235951132,10.319894923127784,186.91112500653813,188.22894040199213,30.373088186650634,251.29242509340722,40.835059912738586,0.12603169628769179,-0.02987117344861623,0.12005746159796854,12.408919745816151,0.12005746159796854,-0.8350599127385863,0.12603169628769179,12.408919745816151,0.12005746159796854,-1.2362228468471645
129,26.000000000001265,-0.010813786412212763,0.21320378195287068,9.99494064555362,10.323412328067937,186.97469126052232,188.41439408815341,30.38341771325259,251.3780749206613,40.84897802358549,0.11541964300718043,-0.030879839107123205,0.10924367518575578,12.408919745816151,0.10924367518575578,-0.848978023585488,0.11541964300718043,12.408919745816151,0.10924367518575578,-1.2460141046100093
130,26.200000000001296,0.014485807018673658,0.21270278043654292,9.996028912732564,10.324499076904871,186.9949260746316,187.95185870001657,30.38670587383351,251.40453756904432,40.853278208247914,0.12067246320428628,0.015285095000715856,0.12372948220442945,12.408919745816151,0.12372948220442945,-0.8532782082479144,0.12067246320428628,12.408919745816151,0.12372948220442945,-1.2504927325441162
131,26.400000000001327,-0.01583641252075053,0.2130827994601869,9.997229935545697,10.325880124018399,187.01961395250837,188.262474477385,30.390717658000266,251.43816646555072,40.858742909394905,0.11259434583060324,-0.02350638073462162,0.10789306968367891,12.408919745816151,0.10789306968367891,-0.8587429093949055,0.11259434583060324,12.408919745816151,0.10789306968367891,-1.2575931298222955
132,26.60000000000136,-0.000383369320998012,0.21307691449842808,9.998864592083795,10.327655040960979,187.05183992087882,188.2249210008001,30.39595438309719,251.48138620627122,40.8657661242852,0.1093802368959963,-0.009352682666576989,0.1075097003626809,12.408919745816151,0.1075097003626809,-0.8657661242852015,0.1093802368959963,12.408919745816151,0.1075097003626809,-1.2673044612869961
133,26.80000000000139,0.005679205588756187,0.2128603506302208,9.999266464842217,10.328054039196669,187.0593023868777,188.02635162014934,30.397167035034663,251.4911019286697,40.86734493075376,0.11178777490769867,0.007005655218692078,0.11318890595143709,12.408919745816151,0.11318890595143709,-0.8673449307537595,0.11178777490769867,12.408919745816151,0.11318890595143709,-1.2728000729956581
134,27.00000000000142,0.003083345492255693,0.21274536453253076,9.998709361674745,10.327427360055337,187.04804295978514,187.93618419773463,30.39533737630246,251.4758421103911,40.86486520780377,0.11462250472166612,0.00824873361013334,0.11627225144369278,12.408919745816151,0.11627225144369278,-0.8648652078037671,0.11462250472166612,12.408919745816151,0.11627225144369278,-1.2742797105927977
135,27.200000000001452,0.0031899073059670903,0.21266642215043305,9.997776185273734,10.326396335743219,187.02940642129622,187.88520489435086,30.392308935769574,251.4507363702986,40.86078552095905,0.11768174953035823,0.008902046096508215,0.11946215874965987,12.408919745816151,0.11946215874965987,-0.8607855209590483,0.11768174953035823,12.408919745816151,0.11946215874965987,-1.2743529918371956
136,27.400000000001484,0.014545465988280638,0.2122795379751042,9.995517294916446,10.323847512301837,186.9835280439941,187.58970489760625,30.384853692002736,251.3886717825784,40.85070001536901,0.12800167088987233,0.030029769240340898,0.1340076247379405,12.408919745816151,0.1340076247379405,-0.8507000153690072,0.12800167088987233,12.408919745816151,0.1340076247379405,-1.2701976739952967
137,27.600000000001515,0.0010735015100595262,0.21230126700151203,9.993145153951755,10.321254603744148,186.93643669168785,187.65603782552384,30.377201339600614,251.32553370953008,40.840440068238706,0.13247674016702435,0.013021930404878423,0.13508112624800003,12.408919745816151,0.13508112624800003,-0.8404400682387063,0.13247674016702435,12.408919745816151,0.13508112624800003,-1.2655549534530237
138,27.800000000001546,0.017453292519943295,0.21188559578474941,9.989974615679182,10.317654987702674,186.87151171612024,187.3539613841533,30.36665102052056,251.23788201818974,40.82619665415249,0.14508042592082154,0.03726996423560891,0.15253441876794332,12.408919745816151,0.15253441876794332,-0.8261966541524899,0.14508042592082154,12.408919745816151,0.15253441876794332,-1.255739318589903
139,28.000000000001577,-0.010879903547463182,0.21227942432507144,9.988148087818349,10.315756813556073,186.83665539646032,187.73673191432465,30.360986862911666,251.19166092891487,40.81868571963439,0.1429148373344393,-0.006301610569795779,0.14165451522048014,12.408919745816151,0.14165451522048014,-0.818685719634388,0.1429148373344393,12.408919745816151,0.14165451522048014,-1.2485710508585133
140,28.20000000000161,-0.0032998656903656396,0.21246050933354219,9.988239916754287,10.315909120275979,186.8392355830542,187.8941066161774,30.361406143652452,251.1953696415799,40.81928838604512,0.1400322488712254,-0.008387996705554457,0.1383546495301145,12.408919745816151,0.1383546495301145,-0.8192883860451232,0.1400322488712254,12.408919745816151,0.1383546495301145,-1.246825369433923
141,28.40000000000164,0.008643391266987646,0.2122209687879494,9.987826990205006,10.315385865913406,186.82997877898342,187.69178398568303,30.359901911486716,251.18262824656662,40.817217907284984,0.14443546915606495,0.012812858205186045,0.14699804079710216,12.408919745816151,0.14699804079710216,-0.8172179072849843,0.14443546915606495,12.408919745816151,0.14699804079710216,-1.2422786788330615
142,28.60000000000167,-0.015133423297348278,0.2126534501998382,9.988570925964222,10.316325121519215,186.8465921970742,188.05715447147867,30.362601594626152,251.20549939212808,40.82093447215529,0.1364891753821791,-0.023122789412126227,0.13186461749975387,12.408919745816151,0.13186461749975387,-0.8209344721552867,0.1364891753821791,12.408919745816151,0.13186461749975387,-1.2414406496019064
143,28.800000000001702,-0.01061308809575087,0.2129562458731573,9.991104145077697,10.319175632827008,186.8980312585093,188.2729058376808,30.37096045046821,251.2749101666202,40.83221373428952,0.12685714609128623,-0.02802808343641619,0.121251529404003,12.408919745816151,0.121251529404003,-0.8322137342895175,0.12685714609128623,12.408919745816151,0.121251529404003,-1.247074012828046
144,29.000000000001734,0.00543185409954207,0.21273369610599183,9.992796544763788,10.320975699586224,186.93093349307313,188.04334928147273,30.376307068931453,251.31874231264715,40.83933646514163,0.1267473071872205,-0.0003196184183770767,0.12668338350354508,12.408919745816151,0.12668338350354508,-0.8393364651416277,0.1267473071872205,12.408919745816151,0.12668338350354508,-1.250796225922209
145,29.200000000001765,-0.00926955557502222,0.21292533505421635,9.994304502329953,10.322664177181862,186.96139212931794,188.1819602380704,30.381256602270767,251.35985723027807,40.846017645937835,0.12084742306243672,-0.01716797566956932,0.11741382792852285,12.408919745816151,0.11741382792852285,-0.8460176459378346,0.12084742306243672,12.408919745816151,0.11741382792852285,-1.2553996003096468
146,29.400000000001796,-0.012015967496896256,0.21322624639224264,9.996922881480645,10.325571855068114,187.01387183112445,188.39483675598825,30.389784562342285,251.4306600274838,40.85752311198923,0.11108143689865665,-0.028417882335150246,0.1053978604316266,12.408919745816151,0.1053978604316266,-0.8575231119892308,0.11108143689865665,12.408919745816151,0.1053978604316266,-1.2659848172898267
147,29.600000000001828,0.01700015982165552,0.21267480248425571,9.9974408257956,10.326032619618482,187.0227936606664,187.89922688223677,30.39123436109265,251.44187977750272,40.859346323190515,0.11823488189276526,0.020815691802584316,0.12239802025328213,12.408919745816151,0.12239802025328213,-0.8593463231905147,0.11823488189276526,12.408919745816151,0.12239802025328213,-1.2708549761920924
148,29.80000000000186,-0.012711346945543066,0.2129821158852306,9.997853706513325,10.326540136186935,187.03169758295886,188.1614917804494,30.392681249912066,251.45423795267908,40.86135452866488,0.11283138350505108,-0.015723550986560045,0.10968667330773907,12.408919745816151,0.10968667330773907,-0.8613545286648829,0.11283138350505108,12.408919745816151,0.10968667330773907,-1.2777173644050395
149,30.00000000000189,-0.006354271152010038,0.2131673464033847,9.999463344502514,10.32831981393074,187.06381676182238,188.2926854105566,30.39790062169676,251.49757362028586,40.868396581693034,0.10682688210625522,-0.01747239975263097,0.10333240215572903,12.408919745816151,0.10333240215572903,-0.8683965816930339,0.10682688210625522,12.408919745816151,0.10333240215572903,-1.2899504178418573
150,30.20000000000192,-0.007770167793280486,0.21334391562650953,10.001690868371368,10.330759605739654,187.1079286192337,188.4041451500067,30.40506880569428,251.55698325623192,40.878050657188346,0.09970626667948028,-0.0207201615851587,0.09556223436244854,12.408919745816151,0.09556223436244854,-0.8780506571883464,0.09970626667948028,12.408919745816151,0.09556223436244854,-1.305184278486067
151,30.400000000001953,-0.0027145705020907756,0.21335647006124084,10.003747047953109,10.332984256417289,187.14830088473957,188.37466692427358,30.411629305399487,251.61115414342925,40.88685343516069,0.09537080283270204,-0.012615694861721344,0.09284766386035777,12.408919745816151,0.09284766386035777,-0.8868534351606883,0.09537080283270204,12.408919745816151,0.09284766386035777,-1.3210897280139917
152,30.600000000001984,-0.012284012580018128,0.21363337458984855,10.006349068697654,10.335823338663145,187.19956047334506,188.5673382325424,30.419958996877572,251.68028661695877,40.898087473343274,0.08601089791882532,-0.02723623319242842,0.08056365128033964,12.408919745816151,0.08056365128033964,-0.8980874733432742,0.08601089791882532,12.408919745816151,0.08056365128033964,-1.339743770107155
153,30.800000000002015,0.017453292519943295,0.21307302270743456,10.006711035281581,10.336149466539492,187.20604668955232,188.0667994693554,30.421013008065263,251.68822792503877,40.89937793719674,0.09360016635068352,0.02208388724799705,0.09801694380028293,12.408919745816151,0.09801694380028293,-0.8993779371967392,0.09360016635068352,12.408919745816151,0.09801694380028293,-1.349789668141869
154,31.000000000002046,-0.014470572905000565,0.21343076827161017,10.00722885621263,10.336749530255124,187.21658001210406,188.3716241705918,30.422724674691587,251.70283965000647,40.901752344878396,0.08724495554910927,-0.0184929232691345,0.08354637089528237,12.408919745816151,0.08354637089528237,-0.9017523448783962,0.08724495554910927,12.408919745816151,0.08354637089528237,-1.3601137392120184
155,31.200000000002078,0.01592856829744028,0.21298873501024804,10.006649423430911,10.336072291397139,187.2047315621165,187.99380742664465,30.42079929964323,251.6863486880094,40.89907256087409,0.0949757796443233,0.02249579774199678,0.09947493919272266,12.408919745816151,0.09947493919272266,-0.8990725608740888,0.0949757796443233,12.408919745816151,0.09947493919272266,-1.3655677700709923
156,31.40000000000211,0.003537460231195439,0.21287898158402002,10.004939574252425,10.334208896360773,187.1710166438795,187.93081423671256,30.415320619951043,251.64097448012419,40.891699244719426,0.10005589223045988,0.014782535967291094,0.1030123994239181,12.408919745816151,0.1030123994239181,-0.8916992447194261,0.10005589223045988,12.408919745816151,0.1030123994239181,-1.3653656211305074
157,31.60000000000214,0.008831437487677061,0.2126799044227583,10.002713376083973,10.33176629026133,187.12687631516044,187.79945625681358,30.40814780936138,251.58149631539,40.88203403328491,0.10750729440969008,0.02168271250952543,0.11184383691159516,12.408919745816151,0.11184383691159516,-0.8820340332849099,0.10750729440969008,12.408919745816151,0.11184383691159516,-1.3622256952403964
158,31.80000000000217,0.010329586275333529,0.21244946378549673,9.999819258475807,10.328579343944915,187.06925564400504,187.65385769940747,30.39878444093526,251.503893251167,40.86942352273816,0.11677805592814856,0.02697683629390067,0.1221734231869287,12.408919745816151,0.1221734231869287,-0.8694235227381597,0.11677805592814856,12.408919745816151,0.1221734231869287,-1.3553721019079916
159,32.0000000000022,0.005665592258277758,0.21237175655156648,9.99693178218525,10.325414465858831,187.01188117775854,187.64271729390555,30.389461080846843,251.42682755473297,40.85690033454444,0.12376991583920513,0.020345498030006626,0.12783901544520646,12.408919745816151,0.12783901544520646,-0.8569003345444415,0.12376991583920513,12.408919745816151,0.12783901544520646,-1.3464494994993674
160,32.20000000000216,0.009136762664870842,0.2122047914027994,9.994032165469275,10.322203134320507,186.95375332588995,187.55352540296127,30.38001529547241,251.3486307033061,40.844193333480575,0.132117612877625,0.024290826162261525,0.1369757781100773,12.408919745816151,0.1369757781100773,-0.8441933334805753,0.132117612877625,12.408919745816151,0.1369757781100773,-1.3349199597211308
161,32.40000000000212,0.004163964716447376,0.21217434758596349,9.991437577467863,10.319347377880531,186.9019424916506,187.57851392067025,30.37159602648925,251.27909220832885,40.832893316746755,0.13782068670270847,0.01659528061908097,0.14113974282652467,12.408919745816151,0.14113974282652467,-0.8328933167467554,0.13782068670270847,12.408919745816151,0.14113974282652467,-1.3221190747364115
162,32.60000000000208,-0.0013226974463879837,0.21229919252969806,9.989895854206136,10.3176862099459,186.8716599555887,187.7191047781324,30.366675109458274,251.2386422888394,40.8263201982566,0.139082626065498,0.003672096573193312,0.13981704538013667,12.408919745816151,0.13981704538013667,-0.8263201982566031,0.139082626065498,12.408919745816151,0.13981704538013667,-1.3104820333357394
163,32.80000000000204,0.006218562288524485,0.21218180568746633,9.988588064758309,10.316213360186058,186.84504097121234,187.642094942756,30.362349520171527,251.202777971353,40.820492240837105,0.14347774868198432,0.012789294933384238,0.14603560766866117,12.408919745816151,0.14603560766866117,-0.8204922408371047,0.14347774868198432,12.408919745816151,0.14603560766866117,-1.298505661030068
164,33.000000000002004,0.005895643603379369,0.21205044620044086,9.98691531457317,10.314327802451569,186.8109448046813,187.56020926071568,30.3568088875696,251.15686409536073,40.81303122852735,0.14882138146323293,0.015549349044038097,0.15193125127204055,12.408919745816151,0.15193125127204055,-0.8130312285273504,0.14882138146323293,12.408919745816151,0.15193125127204055,-1.2842804931310048
165,33.200000000001964,0.017453292519943295,0.2115989693335249,9.983873403699182,10.310801625385043,186.74739003792916,187.22488148122878,30.34648122764472,251.07100066429322,40.79907840702606,0.16171173058451901,0.03836406603732412,0.16938454379198384,12.408919745816151,0.16938454379198384,-0.7990784070260588,0.16171173058451901,12.408919745816151,0.16938454379198384,-1.2645277163960886
166,33.400000000001924,-0.005366768939214055,0.21183057032193262,9.981451733708248,10.308192459893684,186.69979103728193,187.47724577765854,30.338746382304695,251.00746673020984,40.78875413241323,0.1631694285760391,0.00424173138365333,0.16401777485276978,12.408919745816151,0.16401777485276978,-0.7887541324132314,0.1631694285760391,12.408919745816151,0.16401777485276978,-1.2468650395070062
167,33.600000000001884,-0.013236541037858105,0.21230975897724996,9.981790667243976,10.308740272915214,186.70924918874283,187.8913588076459,30.340283333454042,251.02080613566923,40.79092178796804,0.15533859598081154,-0.022786810829499293,0.15078123381491168,12.408919745816151,0.15078123381491168,-0.7909217879680384,0.15533859598081154,12.408919745816151,0.15078123381491168,-1.2385376236783703
